id,GICS_P_1,GICS_P_2,GICS_P_3,GICS_P_4,SoC_P_1,SoC_P_2,SoC_P_3,CSC_P_1,CSC_P_2,CSC_P_3,CSC_P_4,SACS_P_1,SACS_P_2,SACS_P_3,SACS_P_4,GICS_1,GICS_2,GICS_3,GICS_4,SoC_1,SoC_2,SoC_3,CSC_1,CSC_2,CSC_3,CSC_4,SACS_1,SACS_2,SACS_3,SACS_4,MAS_UK_1,MAS_UK_2,MAS_UK_3,MAS_UK_4,MAS_UK_5,MAS_UK_6,MAS_UK_7,MAS_UK_8,MAS_UK_9,MAS_UK_10,MAS_UK_11,MAS_UK_12,MAS_UK_13,MAS_UK_14,MAS_UK_15,MAS_UK_16,MAS_UK_17,MAS_UK_18,MAS_UK_19,MAS_UK_20,MAS_UK_21,MAS_UK_22,MAS_UK_23,TAI_1,TAI_2,TAI_3,TAI_4,TAI_5,TAI_6,TAI_7,TAI_8,TAI_9,TAI_10,TAI_11,TAI_12,TAI_13,TAI_14,TAI_15,TAI_16,TAI_17,TAI_18,TAI_19,TAI_20,study,experience,happy,tests,test_hours,test_attempts,test_result,skills,gender,age,ethnic,UK,native,psychology,stage,qualification
R_AaMYH1U8tgvVJKN,1,5,5,5,4,3,5,4,5,1,1,2,2,1,4,1,5,5,5,4,3,5,4,5,1,1,2,2,1,4,1,4,5,5,2,1,5,2,1,1,5,1,2,5,1,1,1,1,1,1,5,4,4,2,3,4,3,4,3,3,2,3,4,3,4,3,3,2,2,2,3,1,2,6,1,3,1,3,3,50,3,2,18,8,1,1,1,1,A-Levels
R_ZmBuvhJMRgzBOi5,1,1,1,1,2,2,5,2,2,5,5,1,4,1,1,1,1,1,1,2,2,5,2,2,5,5,1,4,1,1,2,3,3,2,1,2,2,2,1,2,1,1,1,1,1,1,1,1,1,1,1,1,2,2,2,2,2,2,2,1,1,2,2,2,1,1,2,1,1,2,2,1,2,3,2,4,4,1,2,7,1,1,18,9,1,1,1,1,A-levels
R_3hEpmg3yHzaYPpR,2,3,3,3,2,2,4,3,4,4,3,2,2,2,2,4,3,3,3,2,2,4,3,3,4,4,2,2,2,2,2,2,3,3,4,4,3,2,1,3,3,3,2,2,3,1,1,4,2,1,3,2,2,2,3,3,3,3,2,3,3,3,3,3,4,3,3,3,3,3,3,4,4,4,1,2,5,1,2,100,3,1,20,9,1,1,1,1,A-Levels
R_2COebHr5JEv4O9J,2,4,4,4,4,3,1,3,4,2,2,2,2,2,4,2,4,4,4,4,3,1,3,4,2,2,3,2,2,4,5,5,5,5,5,5,5,5,4,5,4,5,4,3,5,4,5,5,5,4,5,4,5,1,4,3,2,4,4,3,4,4,3,3,4,3,3,2,4,4,3,3,4,4,1,1,5,2,2,100,2,2,18,9,1,1,1,1,A level 
R_20U92ButSVLCQfB,1,3,3,3,4,4,4,3,5,2,1,1,2,1,3,1,4,4,2,2,2,3,3,4,2,1,1,2,1,3,3,3,5,1,1,4,5,1,3,3,1,2,2,2,3,2,2,4,2,2,4,2,5,2,3,3,2,3,2,2,4,4,2,3,3,4,2,3,3,3,2,1,2,5,1,3,3,4,2,60,3,2,18,9,1,1,1,1,A-Levels
R_33eG35Ja8zAFPmR,1,1,2,1,1,1,5,2,2,5,5,1,4,1,1,1,1,1,1,1,1,5,4,1,5,5,1,4,1,1,2,1,3,2,2,4,3,2,1,1,1,1,1,1,1,1,2,5,1,1,2,1,5,2,2,1,1,1,1,2,2,3,2,2,2,1,1,2,3,2,2,1,2,5,2,7,7,0,1,100,2,2,18,9,1,1,1,1,A-levels
R_2Pnj9G6dkgxxq9O,1,1,1,1,1,1,2,1,2,2,2,1,4,1,2,1,2,3,3,1,1,2,5,2,3,3,1,4,1,2,3,4,2,3,2,5,4,3,2,2,2,1,2,2,1,1,1,4,1,1,1,2,2,2,2,4,3,3,2,3,3,3,3,3,3,3,2,1,2,2,2,1,2,5,2,2,2,1,3,70,1,2,19,7,1,1,1,1,A-levels
R_1LopFvF070hoblv,1,3,3,2,4,4,4,3,4,5,4,1,2,1,2,1,3,3,2,3,4,4,3,4,4,4,1,2,1,2,2,2,3,1,2,3,2,2,1,1,1,1,2,1,1,1,1,3,1,2,1,1,2,2,1,2,1,1,1,2,2,2,2,2,2,1,1,2,2,2,1,2,1,8,1,5,4,2,2,9,3,2,18,9,1,1,1,1,A-levels
R_3m8XmhtzQm0ir3Y,1,2,2,2,2,2,1,1,1,3,3,1,3,1,1,2,5,5,3,3,3,1,1,1,4,4,2,2,1,1,3,1,3,1,2,3,3,3,1,2,1,1,1,1,1,1,1,4,1,1,3,1,4,2,4,4,3,4,2,3,4,4,4,4,4,3,2,3,3,4,3,3,2,8,1,3,6,3,2,80,4,2,18,10,1,1,1,1,A-Levels 
R_1DRR3F2Lf1g3Tsw,1,5,4,4,3,4,4,4,4,3,3,2,3,1,3,1,4,4,3,3,4,4,4,5,2,3,2,3,1,3,3,4,5,3,2,3,3,4,1,2,2,1,1,3,2,1,3,4,2,2,1,2,5,1,3,2,3,2,1,4,4,4,4,4,4,3,3,4,4,4,4,3,3,7,1,2,1,2,2,100,3,2,18,9,1,1,1,1,A-levels
R_yVBR4hBG42gR94Z,1,2,3,5,2,2,5,3,2,4,4,1,4,1,1,1,2,4,5,1,2,5,3,3,2,4,1,3,1,1,3,1,2,2,2,3,4,3,1,3,1,1,3,1,1,1,1,3,2,1,3,1,4,2,1,2,1,2,1,1,1,3,2,1,1,1,1,1,1,2,1,1,1,10,1,4,5,5,2,70,2,2,20,10,2,2,1,1,BTEC
R_2uDKAkFUED8CxVX,3,4,4,3,3,3,3,4,4,2,2,2,2,1,3,3,4,5,4,2,2,3,3,4,2,1,2,3,1,3,4,4,3,2,2,4,5,4,3,2,3,3,3,3,3,3,2,5,4,4,4,3,3,2,3,3,2,2,2,3,3,3,4,3,3,3,3,3,3,3,2,2,3,10,1,1,5,1,3,27,2,2,19,9,1,1,1,1,A-levels
R_2YX8rH7cY9AUBQm,2,3,4,4,3,3,4,2,3,2,2,2,2,2,3,2,3,2,3,3,3,4,2,4,3,3,2,2,3,3,2,2,4,2,2,5,2,4,1,1,2,3,2,4,4,1,2,4,2,2,1,1,4,2,3,2,2,2,1,2,4,4,4,4,4,4,4,4,4,4,4,3,2,7,1,5,6,3,2,10,3,2,20,9,1,1,1,1,A- levels
R_3iwqmFsN6LtKWbJ,1,3,1,2,4,3,3,1,1,5,5,1,3,1,1,1,3,1,2,4,4,3,1,1,5,5,1,3,1,2,2,3,2,2,1,2,2,2,1,1,2,2,1,1,2,1,2,2,1,1,1,1,2,2,3,3,2,2,1,2,2,3,4,2,4,1,2,2,2,4,1,3,2,3,1,5,6,0,2,80,3,1,18,2,1,1,1,1,A-levels
R_2CN9iEFBShtsAzY,2,2,2,2,2,2,4,2,2,5,5,1,2,1,2,2,1,2,2,2,2,4,2,2,4,4,1,3,1,2,1,1,3,1,1,3,1,1,1,1,1,1,1,1,1,1,1,2,1,1,1,1,1,1,2,2,1,2,2,1,1,3,2,1,2,1,1,1,2,2,1,1,2,5,1,3,4,1,2,8,1,2,19,8,1,1,1,1,A-levels
R_1DujWDoNlGAwid9,2,3,4,4,3,3,5,2,3,4,4,2,3,1,1,1,2,2,2,2,2,3,2,2,3,3,2,3,1,1,1,2,3,1,1,3,2,2,1,2,1,1,1,1,1,2,1,3,1,2,1,1,3,3,1,2,1,1,1,1,1,2,3,1,1,1,1,1,2,1,2,1,1,6,2,5,4,1,1,3,4,1,18,6,1,1,1,1,A-levels
R_1f92hzLSlUQ1lET,5,4,3,4,2,2,5,2,4,1,1,1,3,1,3,5,4,4,4,4,4,1,2,4,2,2,1,2,3,3,5,5,5,3,4,5,5,4,2,3,3,2,4,3,2,2,3,5,3,3,4,2,5,2,4,3,3,4,2,4,3,4,3,3,4,3,2,4,4,4,3,2,3,6,1,2,5,3,2,9,2,2,19,9,1,1,1,1,alevels
R_2AGc6fRzMhmaDVa,1,3,2,1,2,2,4,1,3,5,5,2,4,1,2,2,4,2,1,2,3,3,1,3,5,5,1,4,1,2,2,3,5,3,3,3,4,4,2,2,1,1,3,2,1,1,1,4,3,1,1,1,5,2,2,3,2,1,2,4,4,4,3,2,3,1,2,3,4,3,2,2,3,6,2,5,6,2,2,10,3,2,18,9,1,1,1,1,A-levels 
R_10TJUELBHUIOEVD,1,3,1,2,1,2,4,1,1,4,5,1,3,1,2,1,3,1,2,2,3,4,1,2,4,4,2,3,1,3,5,3,4,2,1,5,5,2,1,5,4,2,2,3,5,2,4,5,3,5,5,3,5,2,3,3,3,4,4,4,3,4,3,3,4,1,3,3,4,4,4,2,4,6,2,5,2,2,2,40,2,1,23,9,1,1,1,1,Access to HE Humanities and Social Sciences
R_2YgL138zXQoTqrg,1,2,3,3,2,2,4,1,3,2,2,1,3,2,2,2,3,3,3,2,2,4,1,3,2,2,2,3,2,2,5,4,5,2,3,5,5,4,1,4,3,1,4,4,2,1,3,4,4,2,3,3,5,1,3,3,4,2,1,3,4,4,4,3,4,3,3,4,4,4,4,4,4,4.5,1,6,6,1,3,98,4,2,18,9,1,1,1,1,A-Levels 
R_3nMkOJtgnmMwBNw,4,5,5,4,4,4,1,3,4,2,2,2,2,2,3,4,5,4,4,3,4,1,4,4,3,4,2,3,1,4,4,4,5,5,4,5,5,3,2,5,4,3,2,2,3,1,2,5,3,2,5,2,5,1,4,4,2,3,4,4,4,4,3,4,4,2,3,4,4,3,4,3,3,4,1,3,5,3,3,9,2,2,18,10,2,1,1,1,A-levels 
R_25EEQRArmrCsXMU,1,3,2,3,3,4,5,2,3,5,5,1,3,1,1,1,3,3,3,2,2,5,3,3,4,4,1,3,1,1,1,1,3,2,2,5,4,4,1,2,1,1,1,1,2,1,1,3,2,2,3,1,4,2,3,4,3,4,2,3,3,3,4,3,4,2,2,3,4,4,3,2,4,3,1,6,7,1,3,100,2,2,18,8,2,2,1,1,IB Diploma
R_3LgPD0mszGBMSyd,1,3,4,4,3,3,4,3,4,2,2,1,3,1,2,1,3,2,2,4,3,4,3,3,3,3,1,2,1,2,2,3,3,1,2,4,4,3,1,2,1,2,2,2,2,1,2,4,3,3,3,2,4,1,4,3,3,2,2,2,4,4,3,4,4,4,3,4,4,3,4,3,3,4,1,3,5,1,2,9,3,2,19,9,1,1,1,1,A levels
R_2YFdmFEXBF32huV,1,2,3,2,3,3,4,3,2,4,4,1,3,1,2,1,2,3,2,3,3,4,2,2,4,4,2,3,2,1,1,1,4,1,1,2,1,2,2,2,2,2,1,3,1,1,2,4,1,3,1,2,5,1,2,4,2,2,2,3,2,2,3,3,4,2,2,3,3,2,1,3,2,3,2,5,5,1,2,80,3,2,19,3,2,2,1,1,UEC 
R_1exat5e4NvX0zUQ,2,3,3,3,3,4,4,3,4,2,3,2,2,1,3,1,2,3,3,3,2,2,2,3,3,3,2,2,1,2,2,1,3,1,1,4,4,3,1,1,1,2,2,2,1,1,1,4,3,2,2,1,3,1,3,3,2,2,1,3,3,4,3,3,4,3,3,3,4,3,3,4,3,8,1,5,7,1,3,10,4,2,18,9,1,1,1,1,A-levels
R_POLEnafA3dKpSmd,2,4,3,3,2,2,4,2,3,4,4,1,4,1,3,2,4,4,4,3,3,4,2,3,4,4,1,4,1,3,4,5,4,1,1,3,5,3,1,4,3,2,5,4,2,1,2,5,1,1,1,5,5,2,3,2,2,1,2,3,3,4,3,4,4,2,3,3,4,3,4,3,3,4,2,6,4,2,2,80,3,1,18,10,1,1,1,1,A-Levels and BTEC
R_YX3lGuG7G7T6kMx,1,3,2,2,5,5,1,3,5,2,2,1,4,1,1,1,3,2,2,3,3,1,1,5,4,4,1,4,1,1,1,1,3,4,3,5,4,1,1,2,1,1,3,5,1,1,1,5,3,1,3,1,5,1,4,4,4,4,4,4,4,4,4,4,4,3,4,4,4,4,4,4,4,6,1,3,4,2,1,0,2,2,18,7,2,2,1,1,A Levels 
R_cCplDhlZlVNsgP7,3,3,3,3,2,2,4,2,4,1,2,1,2,1,2,2,3,4,2,2,2,4,3,4,1,1,1,2,1,2,3,1,5,1,1,4,4,3,1,2,2,2,1,2,2,1,1,4,2,1,1,2,3,1,3,4,2,2,2,3,3,4,3,3,4,1,3,3,4,3,2,3,2,7,1,5,5,1,2,100,3,2,19,9,1,1,1,1,A-levels
R_8wR0ejtkHaAoglr,1,3,4,3,1,1,5,1,4,4,3,1,4,1,3,1,3,3,4,1,2,4,1,2,4,4,1,4,1,3,1,1,1,1,1,2,1,1,1,1,1,1,1,1,2,1,1,2,1,1,1,1,2,3,2,4,3,4,2,4,3,4,4,3,4,1,3,3,4,4,2,3,3,10,3,6,6,1,2,90,4,2,18,1,1,1,1,1,A-Levels
R_ALMSUTTSNKdfEJj,1,4,5,4,2,3,4,3,5,4,3,2,3,1,2,2,3,3,2,3,3,5,2,3,4,4,2,3,1,2,3,1,3,1,1,4,4,1,2,3,3,1,2,2,1,1,1,4,3,2,5,1,5,2,3,2,2,3,2,3,3,3,3,3,2,2,3,3,3,2,2,4,2,4,1,5,5,3,2,90,2,2,21,9,1,1,1,1,A-levels
R_3fOZfDZwU3YxvlQ,1,2,3,5,1,1,5,1,5,1,1,1,4,1,1,2,3,4,5,2,2,4,1,5,5,5,1,2,1,3,5,3,5,2,3,5,5,1,3,5,2,2,4,2,4,2,5,5,2,4,3,4,5,2,3,4,2,1,2,2,2,2,3,3,4,2,2,2,4,4,3,2,1,10,1,3,3,3,3,60,3,2,20,7,1,1,1,1,A levels 
R_10YSotGu4Zbwujt,1,2,2,2,1,1,4,2,2,4,4,1,3,1,2,2,3,3,3,2,2,4,2,2,4,4,1,3,1,2,2,2,5,1,1,5,4,3,1,2,1,1,2,1,1,1,1,4,3,1,2,1,5,3,2,2,2,1,2,2,3,2,4,2,2,1,2,2,2,1,2,3,3,3,1,6,6,1,2,10,3,2,19,9,1,1,1,1,A-levels
R_ZDBP9pIY555djQ5,1,1,1,1,1,1,5,2,1,5,5,1,1,1,1,1,1,1,1,1,1,5,2,1,5,5,1,1,1,1,2,2,5,1,1,5,2,2,1,1,1,1,1,2,1,1,1,5,1,2,1,1,1,3,2,4,1,4,3,2,2,4,4,2,4,1,1,4,3,1,1,4,1,4,4,7,7,2,1,95,3,1,19,2,1,1,1,1,A-Levels
R_2rO72WnuvTd4Wmo,1,5,4,4,3,4,4,4,4,2,3,1,3,1,1,1,3,2,3,3,3,3,4,4,2,2,1,3,1,2,5,1,3,2,2,5,5,2,1,5,4,3,1,3,4,1,1,4,1,3,1,1,4,2,2,2,2,1,2,2,3,3,3,2,3,1,1,1,1,3,1,2,2,8,1,6,7,1,2,100,5,2,40,9,1,1,1,1,Level 5 Diploma
R_DMO2Q1rNb3Q8eCB,1,2,2,2,2,2,4,2,2,4,4,1,3,1,2,1,1,1,1,1,1,5,2,2,5,5,1,4,1,2,2,2,5,2,1,4,4,1,1,1,1,1,1,3,1,1,1,4,1,1,1,1,5,4,2,1,1,1,2,3,3,4,3,1,1,1,1,1,2,1,2,2,2,6,2,7,7,2,2,100,5,2,18,9,1,1,1,1,A-Levels
R_3rUOf0J56WdFX77,3,4,3,3,2,2,5,1,3,2,4,1,3,1,2,2,2,2,2,3,2,4,1,3,4,5,1,4,1,2,1,1,3,1,1,3,1,4,1,1,1,1,1,1,2,1,1,4,1,1,1,1,3,2,4,2,2,3,3,3,4,3,4,3,4,3,2,3,3,4,3,3,3,6,1,6,7,1,2,8,4,2,18,9,1,1,1,1,A-Levels
R_1LZImAzEMSLVKWQ,2,5,5,5,3,3,1,4,4,5,5,1,2,1,3,2,4,5,5,4,4,2,4,5,2,3,2,2,1,3,4,2,5,2,2,4,4,2,4,4,1,3,1,2,4,4,4,5,5,4,4,2,5,1,3,2,2,2,2,3,3,3,4,4,4,2,2,4,4,4,4,3,4,3,1,2,3,1,2,60,2,2,18,9,1,1,1,1,A-Levels
R_2VxqVpYNIepHirP,2,4,5,4,3,3,5,1,2,4,5,3,2,2,2,2,4,4,3,3,3,5,1,2,5,5,3,2,2,2,4,3,5,2,1,5,5,4,1,4,2,2,3,3,2,1,2,5,4,3,2,3,5,2,2,2,2,1,1,2,3,4,4,3,2,2,1,4,4,1,3,2,2,5,2,6,6,2,3,100,3,2,18,8,1,1,1,1,A-Levels
R_3O7jsLWcYelQO3o,3,5,5,5,3,2,4,2,3,4,4,2,4,1,4,2,4,5,5,2,2,4,3,3,3,4,1,4,1,4,2,1,3,1,2,4,4,3,1,2,2,1,1,1,1,1,2,5,2,1,1,1,4,1,4,2,3,2,1,3,3,4,4,4,4,1,2,4,4,3,4,3,3,4,1,2,6,0.5,2,90,4,2,18,9,1,1,1,1,A-Levels
R_2Pd2sIAo4UxGsYZ,2,2,1,1,1,1,3,1,1,5,4,1,4,1,2,1,1,1,1,1,1,4,1,2,5,3,1,4,1,2,2,1,1,1,1,1,2,1,1,2,1,1,1,1,1,1,1,2,1,1,2,1,2,1,3,2,2,2,1,3,3,3,3,3,3,2,2,3,3,2,3,3,1,4.5,3,7,7,1,3,80,3,2,18,6,1,1,1,1,BTECS level 3
R_pfqSLsAd9Iilbax,1,2,2,3,3,3,5,3,4,4,4,2,2,1,2,1,3,3,3,4,4,5,3,4,4,4,2,2,1,2,4,4,5,3,3,4,5,3,3,3,3,2,4,3,3,2,2,4,4,3,4,3,4,1,2,3,2,3,2,2,2,3,3,3,4,1,2,3,3,3,3,2,3,5,1,5,5,2,3,90,3,2,19,9,1,1,1,1,Extended Certificate/Diploma
R_3CD84YqYJdERIce,3,4,4,4,4,4,3,2,4,2,2,2,2,2,3,2,3,3,3,4,4,3,2,4,2,2,2,2,2,3,3,2,4,1,2,2,4,3,1,2,1,1,1,2,1,1,1,2,2,1,2,2,3,2,2,3,3,4,1,3,2,3,4,3,4,1,3,2,3,4,2,1,2,5,1,1,5,1,1,7,2,1,19,9,1,1,1,1,A-levels
R_1eWg6vYT0htkJfU,1,1,1,1,2,1,4,1,1,5,5,1,4,1,1,1,1,1,1,1,1,4,1,1,5,5,4,4,1,1,1,1,1,1,1,1,1,2,1,1,1,1,1,1,1,1,1,4,1,1,1,1,1,2,1,2,1,2,2,1,1,1,2,1,1,1,2,2,2,2,2,1,2,4,1,5,6,1,2,100,4,2,18,9,1,1,1,1,A-Levels
R_z1ZpoJ14gBBtWUN,2,2,4,2,2,3,5,3,4,2,1,1,3,2,3,1,2,3,2,4,2,5,3,4,4,4,3,2,3,1,3,3,5,2,3,4,5,3,1,2,2,1,2,2,2,1,1,4,2,2,4,2,5,3,2,1,1,1,2,2,3,2,2,2,3,2,1,1,2,1,1,1,2,3,1,6,6,1,3,80,2,2,18,10,2,2,1,1,IB Diploma
R_1inAJsY2XskjMEO,1,4,3,4,4,3,4,1,3,1,1,3,2,1,2,1,5,3,5,3,3,4,1,3,1,1,3,2,1,3,2,2,4,1,1,2,3,3,1,1,1,1,1,1,1,1,1,5,3,3,3,1,4,2,2,4,2,1,4,4,4,4,4,4,4,2,4,4,4,4,3,4,4,6,1,2,4,1,4,9,3,2,19,9,1,1,1,1,A levels
R_2BfG5yjTiVPiwbh,1,3,2,1,3,3,2,2,2,4,4,1,2,1,2,1,1,1,1,2,1,5,1,1,5,4,1,3,1,2,2,2,3,1,2,3,2,3,1,1,3,1,3,1,1,1,1,4,1,1,2,2,2,2,2,2,3,3,2,1,3,3,4,3,3,2,2,2,1,2,1,1,3,6,2,1,1,3,2,9,4,1,18,9,1,1,1,1,A levels
R_2V9DH4VgdXVNhuG,2,2,1,2,2,2,4,3,3,2,3,4,2,1,3,2,4,2,2,3,4,3,4,3,3,4,3,2,1,3,2,1,2,1,1,3,2,3,1,1,1,1,2,2,1,1,1,3,1,1,1,2,2,2,3,3,3,1,3,3,3,2,3,3,3,2,2,1,4,3,3,2,3,4,3,1,5,2,2,75,3,2,19,5,1,1,1,1,A-levels
R_3Hjp934q6hZYleT,1,4,4,3,2,2,4,2,5,2,3,1,4,1,1,1,4,4,3,3,3,3,2,4,4,4,2,3,1,2,3,3,2,1,1,5,3,3,3,3,2,2,2,2,3,2,3,5,2,3,4,3,4,3,2,2,3,2,1,2,2,4,2,1,2,2,1,2,2,2,1,1,2,4,1,5,7,1,3,100,3,1,19,10,1,1,1,1,IB Diploma
R_2qDyEbXmLLPdlJj,2,2,2,2,2,3,2,5,5,1,1,2,2,1,3,3,3,3,3,1,2,5,3,3,2,2,1,1,1,1,2,2,5,1,1,3,3,3,1,1,5,2,3,3,3,1,3,5,1,1,4,1,4,2,2,3,3,3,3,4,4,4,3,3,4,1,2,3,3,3,2,2,3,7,1,7,7,6,2,8,3,2,18,1,2,2,1,1,Grade 12
R_2qdSz8OUSYKBsjy,2,5,3,3,2,2,5,1,2,2,2,1,1,1,2,4,4,2,2,2,3,5,1,3,4,4,1,1,1,2,5,5,5,4,5,5,5,5,1,5,3,2,5,4,3,1,1,5,4,5,5,5,4,1,3,4,3,3,4,4,4,4,4,3,4,1,3,3,4,4,1,4,2,2,2,6,6,1,2,7,4,2,18,2,2,1,1,1,A-levels
R_1mgAiyOxrrE7Xc1,2,4,4,1,4,4,5,2,3,4,4,3,2,1,2,2,4,3,1,3,4,5,2,3,5,3,2,1,1,2,2,2,5,1,2,3,3,2,1,2,2,2,2,2,1,1,1,3,2,1,1,1,5,1,1,2,2,1,2,1,1,1,1,1,4,1,1,1,1,1,1,2,2,15,1,3,4,2,3,69,3,2,18,7,1,1,1,1,A- Levels
R_eKzSzWM5mvITbtn,2,3,5,5,3,4,3,4,5,2,1,1,1,1,4,2,5,5,5,4,5,1,4,5,2,2,1,2,1,4,1,1,1,1,1,1,1,2,1,1,1,1,1,1,1,1,1,1,1,1,2,1,1,1,4,3,4,4,2,4,4,4,4,4,4,4,3,4,4,4,3,3,4,1,1,2,3,0,2,7,1,2,18,9,1,1,1,1,A-levels
R_1l4wh0peOI6MsZW,2,1,4,4,2,2,5,2,4,4,4,1,4,1,2,3,5,5,5,3,3,5,2,3,2,2,2,3,1,2,5,5,4,2,4,5,5,2,1,5,5,3,5,5,2,2,2,5,4,4,4,5,5,1,3,2,2,2,2,2,3,4,4,4,4,3,3,4,4,4,4,4,2,4,1,6,6,2,3,75,3,2,18,9,1,1,1,1,A-levels
R_248KNKWchUs80uy,3,5,5,4,2,3,4,1,4,1,2,2,3,2,2,3,5,4,4,3,3,3,1,4,4,1,2,1,1,1,5,2,5,1,1,4,5,4,1,4,1,1,2,3,1,1,1,3,3,2,2,3,4,2,4,3,3,4,2,4,4,4,4,3,4,4,4,4,4,4,4,4,4,6,1,2,1,1,1,20,2,2,18,7,2,1,1,1,A-Levels
R_1BQ7PNEG7OIHck5,1,4,4,3,5,5,1,1,1,3,2,2,1,1,2,1,3,3,3,4,5,2,1,2,5,4,2,2,1,2,2,3,1,1,2,4,5,4,1,2,1,1,1,2,2,2,4,4,3,3,5,2,5,1,4,1,3,3,1,2,3,3,3,3,4,2,2,4,4,4,4,2,2,7,1,5,6,2,4,4,4,2,18,9,1,1,1,1,A levels and BTECs
R_10HlGEn4O21lgOP,3,3,5,5,4,5,4,4,5,2,2,1,3,1,2,2,3,3,4,3,3,4,3,2,3,3,1,3,1,2,3,2,3,3,2,2,4,2,2,2,2,2,3,1,2,2,2,2,2,3,4,3,3,2,2,3,1,1,2,2,2,2,1,1,1,2,2,1,3,2,1,2,2,8,1,4,5,3,2,10,2,2,20,10,2,2,1,1,"Finnish ""A-levels"" / high school exams"
R_3hGyx34GoGBl27C,2,3,4,3,1,2,5,3,4,3,3,1,1,1,4,1,2,2,1,1,1,4,2,4,3,3,1,1,1,3,1,1,2,1,1,2,3,3,1,1,1,1,1,1,2,2,1,3,1,1,2,1,3,2,2,2,2,3,1,2,2,2,2,2,4,1,1,2,1,2,2,2,1,4,2,3,4,1,2,8,3,2,18,6,1,1,1,1,BTEC
R_2dDNxxzswbg1C9b,3,3,3,3,3,3,3,3,3,3,3,2,2,2,2,1,1,2,2,4,4,4,3,5,4,4,2,2,3,4,2,2,2,1,2,3,2,1,1,2,1,1,2,1,1,2,2,4,1,1,2,1,4,2,3,4,3,3,3,3,3,4,4,4,4,4,4,4,4,4,4,4,4,4,1,1,6,1,2,90,2,2,18,7,1,1,1,1,a levels 
R_0lctbo2TTu3gybf,3,4,5,4,3,5,4,3,3,4,4,1,3,2,3,1,2,2,3,3,1,5,3,4,3,4,1,3,2,3,3,1,2,1,2,4,4,1,1,2,1,1,2,2,1,1,1,4,2,3,2,3,4,2,2,3,2,2,2,3,3,2,4,3,4,2,3,3,4,4,2,2,3,5,1,7,7,2,2,85,4,2,18,5,2,2,1,1,A-levels 
R_2bVR5qD3pO68e8s,3,5,5,4,3,2,3,3,4,1,1,1,2,1,2,3,5,5,4,3,4,4,3,3,2,2,2,2,1,1,2,2,4,1,4,4,4,5,2,2,1,1,1,2,4,1,1,5,2,2,2,3,4,1,3,2,2,2,2,3,3,4,4,4,2,3,2,4,4,3,3,4,2,6,1,6,6,2,3,80,3,2,19,10,2,2,1,1,A-levels
R_eajfsCaNJEhxjCF,3,4,4,4,4,3,5,1,2,4,4,1,2,1,1,2,3,3,2,4,4,5,1,1,4,5,1,2,1,1,2,3,3,5,4,2,5,5,1,2,2,2,2,1,1,1,1,2,2,1,2,2,4,2,3,2,2,1,1,1,2,3,3,2,3,1,1,1,3,1,2,2,1,5,1,7,7,1,2,10,4,2,18,9,1,1,1,1,A-levels
R_ZluAWkDKYhMnl85,2,3,4,4,4,4,3,4,4,2,2,1,4,1,2,1,5,5,5,4,4,2,5,4,2,2,3,1,1,3,3,4,4,3,3,4,4,2,3,2,4,3,3,3,3,3,3,4,2,4,3,2,4,1,3,3,2,4,2,3,3,3,4,2,4,1,2,3,3,3,1,1,2,21,1,1,2,1,2,50,2,2,18,7,1,1,1,1,A levels
R_0uYZ7AiJufiYhEt,1,3,3,3,1,2,1,3,2,4,3,2,3,1,1,2,3,3,2,2,1,4,3,4,2,1,1,3,1,1,4,5,5,5,5,4,5,4,1,3,1,1,2,3,1,1,2,2,3,2,3,2,5,1,3,3,3,2,2,2,2,4,4,3,4,2,2,4,4,2,4,3,2,10,1,7,6,5,3,8,5,2,19,11,2,2,1,1,BTEC
R_r09S8vH5FSmIEbD,2,2,2,3,2,2,4,2,4,3,3,1,3,1,1,1,2,2,2,2,2,4,3,3,5,5,1,3,1,1,3,3,4,4,4,5,4,3,1,2,2,1,2,2,1,1,1,4,2,1,3,2,4,2,3,2,2,1,1,2,4,4,4,4,4,4,2,4,4,3,4,4,2,8,1,6,6,2,3,100,4,2,18,9,1,1,1,1,A-Levels
R_3DuRCR1trK25uTm,1,2,2,2,1,1,3,3,3,4,5,1,4,1,1,3,2,1,1,4,2,3,5,4,5,5,1,4,1,1,3,1,3,1,2,4,5,1,1,2,2,1,2,1,2,1,1,3,1,3,1,1,4,2,3,4,2,3,4,1,1,2,4,3,4,1,3,3,4,4,3,2,4,3.5,2,6,6,0.5,2,90,3,2,18,7,2,1,1,1,USA High School Diploma
R_6fWjSSmuDRG71Rf,1,1,1,1,2,2,2,2,2,3,3,1,3,1,1,1,1,1,1,3,3,4,3,3,4,4,2,2,1,2,1,1,1,1,1,1,1,1,1,1,2,1,2,2,2,2,2,3,2,2,2,2,2,2,3,3,2,2,1,2,3,3,3,3,3,3,2,3,3,3,2,1,3,10,1,5,6,5,3,100,3,2,19,1,1,1,1,1,a-levels
R_RFGNY0a6GbI6Htf,1,1,3,2,3,3,2,2,3,4,4,2,3,1,4,2,3,2,2,3,2,1,2,3,3,3,1,2,1,4,4,4,5,3,4,5,5,5,2,4,2,3,5,4,5,2,5,5,4,5,3,3,5,1,4,4,4,4,3,4,4,4,4,3,4,4,4,4,4,4,4,3,4,7,3,3,7,4,2,100,3,2,18,7,1,1,1,1,A-Levels
R_3paIRhmQzBAB5ua,2,3,2,2,3,1,5,1,2,5,5,1,4,1,2,2,3,1,2,1,1,5,1,1,5,5,1,4,1,2,3,1,5,5,2,3,5,4,1,1,1,1,2,3,1,1,2,3,2,2,2,3,5,2,3,2,2,1,2,2,4,4,3,2,3,2,1,2,2,3,1,1,3,7,2,5,4,1,1,100,1,1,18,7,2,1,1,1,IB Diploma (A-level equivalent)
R_1i5qzF03vEWpVKn,1,2,3,2,2,2,4,3,3,2,3,2,2,1,1,1,2,3,2,3,3,4,3,3,2,2,2,2,1,1,1,1,1,1,1,2,1,1,1,1,1,1,1,2,2,1,1,3,2,1,1,1,1,2,2,2,2,3,1,2,1,2,3,2,3,1,1,2,2,3,2,2,2,7,1,7,6,2,1,95,4,2,18,1,1,1,1,1,A-levels
R_2EEoDqCOe7X3J5t,2,3,2,1,3,2,4,2,3,4,4,1,3,1,3,2,3,2,2,3,2,3,1,4,3,3,1,3,1,3,1,1,3,1,1,4,1,2,1,1,2,1,1,1,2,1,1,3,1,1,1,1,2,2,3,3,4,3,2,3,2,3,1,2,4,3,2,2,3,3,2,1,3,1,1,3,5,7,3,70,2,1,18,8,2,2,1,1,BTEC International Baccalaureate 
R_3R9DzMRZotf8YNb,1,3,2,2,2,2,5,1,2,4,4,1,3,1,2,1,2,2,1,2,2,5,1,2,5,5,1,4,1,2,2,1,2,2,2,2,2,2,1,1,1,1,1,2,2,1,1,2,2,1,2,1,2,3,2,2,1,2,1,3,1,3,3,2,2,1,1,1,2,3,3,2,2,4,1,6,5,0.5,1,8,3,2,18,9,1,1,1,1,A-levels
R_2WwiqYR8YLtKMp2,1,3,4,4,2,3,5,3,5,2,2,3,2,1,3,1,4,4,4,3,4,3,4,5,1,2,3,2,1,3,2,1,4,1,1,1,3,1,1,1,1,1,2,1,1,1,1,3,1,1,1,1,3,2,2,1,2,1,2,3,3,4,3,2,3,1,1,3,4,3,1,2,3,5,1,2,3,1,2,60,2,2,18,9,1,1,1,1,A-levels
R_1LnBmfXf6uSpzPL,2,5,4,3,3,3,5,1,3,5,5,1,3,1,3,1,5,4,2,4,5,1,1,3,5,5,2,2,1,3,2,2,4,2,1,4,2,2,1,1,2,1,1,4,2,1,1,3,2,3,1,1,3,1,3,1,2,1,2,2,3,4,3,2,2,2,1,2,3,1,2,4,2,1,1,1,6,0,3,100,2,2,18,9,1,1,1,1,A-levels
R_3QKLxKod8s2P0lt,1,1,3,3,1,3,5,2,3,5,5,1,3,1,1,1,2,2,2,1,1,1,2,2,5,5,1,3,1,1,2,2,3,3,1,1,3,2,1,1,1,1,1,1,1,1,1,2,2,1,1,1,1,2,1,2,1,2,1,1,1,1,3,2,2,1,1,1,1,3,1,2,2,20,1,6,6,5,3,80,3,2,18,7,1,1,1,1,BTEC Health and Social Care L3
R_1FanPemaGapmfsr,1,2,2,2,2,2,2,2,2,2,2,2,2,1,2,3,4,4,4,4,4,4,3,3,3,3,2,2,2,2,1,2,4,2,2,5,5,3,1,2,1,1,2,2,2,1,1,5,2,2,1,2,5,1,3,3,3,3,2,3,3,3,3,4,3,3,3,3,3,3,3,2,2,3,1,1,6,2,2,9,2,2,18,1,1,1,1,1,A levels
R_2B4fsKKAedpKJBh,1,2,3,2,1,1,5,2,4,3,4,1,1,1,2,1,2,2,2,2,2,5,2,3,3,4,1,4,1,2,2,1,2,1,1,3,2,1,1,1,1,1,1,1,2,1,1,3,2,1,1,1,2,1,3,1,1,2,1,1,1,3,2,2,3,1,1,2,3,2,1,1,1,8,1,7,6,1,2,7,2,1,25,9,1,1,1,1,Foundation Year at CCCU
R_3hu57WpqMXOfdZ6,2,3,4,5,2,3,5,1,3,2,4,1,2,1,2,1,2,2,2,1,1,5,2,3,5,5,2,3,1,2,4,1,2,1,1,4,4,3,1,2,1,2,1,2,3,2,1,5,4,2,3,1,5,1,3,2,2,1,2,3,3,4,2,4,3,1,1,2,4,1,1,3,2,7,1,6,7,2,3,70,3,2,18,10,2,1,1,1,35 in the IB
R_2dNq7eLDpTwOJ5L,2,5,5,5,4,4,2,3,4,2,2,3,1,2,4,3,5,5,3,4,5,2,3,4,2,2,4,2,2,4,5,1,5,1,3,5,5,3,1,2,1,1,2,1,1,1,3,5,2,2,3,1,5,1,4,2,2,2,1,2,4,4,4,4,4,4,2,4,4,2,3,3,2,3,1,2,7,1,2,100,3,2,19,9,1,1,1,1,A-levels
R_2aQQnnFlTYGH90b,2,4,4,2,5,5,4,3,4,2,3,2,1,1,2,1,3,2,1,3,4,4,2,3,4,4,1,3,1,2,2,1,4,1,2,3,3,1,1,2,1,1,2,1,1,1,1,3,1,1,3,2,4,3,2,1,1,1,1,1,2,3,1,1,1,1,1,2,2,1,2,1,1,7,1,3,7,2,2,100,2,2,18,9,1,1,1,1,A Levels
R_Qn900H6WXXsgquB,1,1,2,2,2,2,3,3,2,4,4,1,3,1,2,1,2,2,1,2,2,4,3,2,4,4,1,3,1,2,4,3,3,2,2,4,5,4,1,2,1,1,2,2,2,1,1,5,2,1,3,2,5,2,3,2,2,3,2,3,4,4,3,4,4,3,2,3,4,3,3,3,3,4.5,2,6,6,0.5,2,7,2,2,18,9,1,1,1,1,A-levels and BTEC
R_2dvj8J0eLRQtmYh,3,3,2,4,3,3,4,3,3,3,2,2,3,1,1,3,4,3,4,3,3,4,3,4,2,2,2,2,1,2,3,3,3,2,2,4,3,3,1,3,1,1,2,2,1,1,2,3,2,1,3,1,3,1,4,2,1,2,2,3,2,4,4,3,4,1,2,4,4,3,3,2,2,10,1,2,7,2,2,100,4,2,19,9,1,1,1,1,A levels
R_3oMTWeMm2VnDrlK,3,5,4,4,4,3,4,3,5,1,1,3,2,2,3,3,4,3,3,4,3,2,4,4,2,4,3,2,2,2,5,5,5,3,3,5,5,4,2,4,3,3,3,3,4,1,1,4,3,2,2,2,4,1,3,2,2,4,2,3,4,4,4,4,3,4,3,4,4,4,4,3,3,7,1,6,5,1.5,2,8,3,2,18,9,1,1,1,1,IBCP and BTec
R_1mmHIfjO7g9KWgI,1,3,3,3,2,4,5,3,3,5,4,2,2,1,2,1,3,3,3,2,2,4,3,3,5,4,2,2,1,2,4,3,5,5,1,4,4,1,1,2,1,1,2,2,1,1,1,5,2,1,1,1,5,2,2,2,1,1,2,1,3,3,3,2,3,1,1,2,2,1,1,4,2,6,3,6,7,1,2,10,4,2,19,6,2,1,1,1,IB Diploma
R_3MPZqfNZUNZPQnb,3,1,2,2,1,2,5,1,2,3,5,1,4,1,2,3,5,3,2,1,1,5,1,2,2,5,2,3,1,2,3,2,5,2,3,5,4,4,1,1,2,1,2,2,2,1,2,4,4,3,4,2,4,1,2,3,1,3,1,3,3,4,4,4,4,4,4,3,4,3,1,3,2,4,1,6,3,1,4,9,2,1,22,9,1,1,1,1,Level 3 Extended Diploma 
R_2f7KJA57VmQubMI,3,4,4,3,3,3,4,2,4,3,2,2,3,1,2,3,4,4,4,3,3,4,2,3,3,2,2,3,1,2,4,2,5,3,2,5,2,4,1,4,3,2,1,3,3,1,3,4,4,2,1,2,4,4,4,2,2,2,2,3,3,3,4,4,3,3,3,3,3,3,2,4,2,6,3,3,7,1,4,3,2,2,18,9,1,1,1,1,A- levels 
R_6MC62UfmyhDc049,4,5,3,4,4,3,1,2,3,3,2,2,1,2,3,4,5,3,3,4,4,1,2,3,4,3,3,2,2,3,5,4,5,5,3,5,4,2,2,3,3,2,4,4,3,2,4,5,4,2,4,3,5,1,4,3,3,3,2,4,4,4,3,4,4,3,4,4,4,4,4,3,4,10,2,5,4,2,3,8,3,2,18,9,1,1,1,1,a-levels
R_po4zjKuar3bggDL,2,2,2,2,3,4,4,2,4,4,4,2,3,1,2,2,2,2,2,2,2,4,3,3,4,4,1,2,1,1,1,1,2,1,1,2,2,2,1,1,2,1,1,2,1,1,1,2,1,1,1,1,2,2,2,3,1,1,1,2,1,2,2,2,3,1,2,1,2,2,2,2,2,6,1,6,7,2,2,100,4,2,19,10,2,2,1,1,Abitur
R_2zvTPfGe5DzZp8G,1,3,5,4,2,2,4,1,4,3,2,1,4,1,2,1,4,3,2,3,4,3,2,4,3,2,2,2,1,3,3,3,5,1,2,5,5,3,1,4,2,5,3,2,5,4,4,5,4,4,5,2,5,2,4,3,3,4,3,3,4,4,4,4,4,1,3,3,4,4,4,3,4,4,2,6,6,2,3,7,2,2,18,10,2,1,1,1,IB DIPLOMA PROGRAMME
R_2Ec8og4UdaASJ9V,1,2,2,2,1,1,5,2,3,4,4,1,4,1,1,1,2,2,2,1,1,5,5,3,4,5,1,4,1,1,1,2,2,2,1,2,1,2,1,1,1,1,3,1,1,1,1,1,1,1,1,1,1,3,1,1,1,1,1,1,1,3,2,2,1,1,1,2,3,3,2,2,1,5,2,6,1,2,2,100,5,2,18,9,1,1,1,1,A-levels
R_1EgpY0lhGlrlPc2,1,3,4,3,3,5,3,3,4,1,1,1,2,1,2,1,2,3,2,3,2,4,1,2,3,3,1,2,1,2,1,2,3,2,1,4,3,1,1,2,1,1,1,2,2,1,1,3,2,1,2,1,4,2,3,1,1,2,1,1,1,2,3,2,4,2,1,1,2,3,2,2,1,4,1,6,7,1,2,9,3,2,18,7,1,1,1,1,A-Levels
R_3scVsDt05u6W1rK,3,2,4,2,2,1,5,2,3,5,4,2,3,1,3,3,4,3,2,3,3,4,3,4,3,1,3,2,1,4,3,2,2,1,1,3,4,1,1,2,1,3,3,2,4,2,1,3,2,2,2,1,4,2,2,3,1,4,2,2,3,2,1,2,2,1,2,2,3,3,2,1,2,30,1,3,6,3,2,60,2,2,18,7,1,1,1,1,A-levels
R_2Bo1QFRpLf6v1lr,2,3,3,4,4,3,4,4,4,3,2,2,2,1,3,2,3,4,4,3,3,4,3,4,3,3,2,2,1,3,1,3,4,3,1,3,1,3,1,1,2,1,2,2,1,1,1,3,1,2,3,2,5,2,2,2,2,3,3,3,3,3,2,2,3,2,2,2,2,4,3,3,3,3,2,5,6,1,4,80,3,2,18,8,2,1,1,1,A-levels
R_22AjELb5DMvd2Ju,2,3,3,3,3,4,2,3,3,2,3,2,1,1,2,2,4,3,3,3,4,1,3,4,2,3,1,2,1,2,2,2,3,1,1,4,2,1,1,1,1,1,1,2,2,1,1,3,2,2,3,1,3,3,2,2,1,3,2,2,1,2,2,3,4,1,1,2,2,3,2,1,2,5,1,6,6,1,2,9.5,4,2,19,1,2,2,1,1,A-levels
R_1hYlCJj6MOwWHGs,2,3,4,3,2,2,4,2,4,3,2,1,3,1,2,1,3,3,3,2,1,4,2,4,3,1,2,4,1,2,4,2,5,2,3,5,5,4,2,3,1,1,1,2,2,1,2,5,4,3,2,2,5,1,4,4,3,3,2,4,4,4,4,4,4,3,3,3,3,3,4,2,3,5,2,6,6,1,2,8,2,2,19,9,1,1,1,1,A-levels
R_33qGU3Gu9LvhXYc,2,4,4,4,3,3,5,2,2,2,3,1,2,1,3,2,4,4,4,3,3,5,2,5,1,2,2,3,1,4,2,2,5,1,1,5,3,3,1,2,3,4,1,3,3,2,3,4,4,3,4,1,5,2,2,3,2,1,3,3,3,2,2,2,1,1,2,3,3,4,2,1,2,4,1,4,3,1,2,60,3,2,23,9,1,1,1,1,BTEC 
R_2UaxzqhuNtAoCma,1,4,3,2,3,2,4,2,3,4,4,1,3,1,2,1,4,3,2,2,2,4,2,3,4,4,1,3,1,2,2,2,3,2,2,4,3,1,1,2,1,1,1,1,1,1,1,4,2,2,2,1,3,1,3,3,3,3,1,2,3,3,2,3,4,2,2,2,3,3,2,2,3,4,1,5,5,0,1,70,2,2,20,9,1,1,1,1,a-levels
R_2urDYamGPL0bfDX,2,1,1,1,1,1,5,1,4,1,2,1,3,1,3,3,1,1,1,3,4,5,2,3,3,3,1,3,1,3,2,2,3,1,2,5,2,3,1,1,2,2,3,2,1,2,2,4,1,1,1,1,4,1,3,2,1,2,1,2,3,3,4,3,3,2,1,2,2,3,2,2,2,5,1,4,4,2,2,7,3,2,19,9,1,1,1,1,A Levels
R_1laZprrCraWesF0,1,2,2,3,4,3,3,2,3,4,4,1,4,1,2,1,2,3,3,3,3,2,2,3,4,3,1,4,1,2,2,2,3,1,3,4,5,3,1,1,1,1,1,2,2,1,1,2,2,1,2,3,3,2,3,2,2,1,1,4,4,3,4,2,4,1,2,3,4,4,3,4,3,10,3,6,5,1,2,97,3,2,18,9,1,1,1,1,A-Levels
R_25zQU2F4YLAgGzs,5,5,3,3,4,2,4,1,5,1,1,1,4,1,3,5,5,1,1,5,1,5,1,3,2,2,1,3,1,4,5,1,5,5,5,5,5,5,1,2,1,1,1,3,1,1,1,5,5,1,2,1,5,2,3,3,2,4,4,4,3,3,4,4,4,2,4,4,4,4,2,4,3,10,1,6,5,0,3,80,2,4,20,9,1,1,1,1,Access to HE Diploma 
R_23TE64YQ3lpWukM,1,3,1,1,2,2,5,1,2,4,3,1,3,1,2,1,2,1,1,2,2,4,1,2,4,4,2,3,1,2,2,1,3,1,1,3,3,1,1,1,1,1,1,1,1,1,1,4,1,1,2,1,4,3,2,1,1,1,1,2,2,3,3,1,1,1,1,2,2,3,1,1,1,6,1,4,6,1,1,9,2,2,19,9,1,1,1,1,A-levels
R_3h3dLzP4BbYLzAK,2,3,3,2,2,2,5,2,3,4,4,1,3,1,2,2,2,2,2,1,1,5,3,3,4,4,1,3,1,1,4,1,5,2,1,3,5,3,1,2,3,1,2,1,1,2,2,4,2,2,1,1,5,2,2,1,1,2,1,2,3,2,3,2,1,2,1,2,2,3,2,1,1,5,1,6,7,1,2,10,3,2,19,9,1,1,1,1,A-levels
R_DH8H4DKcCPdApC9,2,3,1,1,2,1,4,1,3,5,5,1,3,1,2,3,3,1,1,1,1,4,1,3,5,5,1,3,1,1,5,4,3,1,4,3,5,2,1,3,3,1,3,2,1,1,1,3,1,1,4,2,5,2,2,2,3,1,1,4,4,3,2,4,4,1,3,4,3,4,3,3,4,3,2,7,6,1,2,10,3,1,18,9,1,1,1,1,A-levels
R_2ZUGXHevB0QzlsH,2,4,5,5,4,3,1,1,3,1,1,2,2,1,3,2,4,5,3,3,2,1,1,4,1,1,2,3,1,3,4,1,3,2,2,5,3,4,1,2,2,3,2,1,3,1,4,5,2,2,1,2,5,2,3,2,2,3,2,3,3,4,3,3,4,2,2,3,3,3,2,1,2,8,1,6,5,2,2,7,3,2,18,8,2,1,1,1,D Business BTEC
R_2cCo9mhmwhfY1R2,4,4,4,4,3,4,2,2,4,2,2,3,2,2,2,3,4,3,3,3,3,3,2,3,3,3,2,2,1,2,2,3,4,4,4,5,4,3,1,2,2,2,3,2,2,2,2,4,1,1,1,1,5,1,3,4,3,4,2,4,3,4,4,4,4,3,3,4,4,4,4,2,4,5,1,4,5,1.5,3,8,3,2,19,5,2,2,1,1,A-Level
R_38hzYf8rykve1yN,1,3,4,4,2,1,4,2,4,3,3,1,3,1,2,1,4,5,5,2,1,4,2,3,2,2,1,4,1,3,1,2,3,3,1,3,5,5,1,2,2,1,3,3,1,1,2,5,4,1,1,1,5,1,2,3,2,1,1,4,4,4,3,4,4,3,4,4,4,1,4,4,4,2.5,1,5,7,1,2,98,2,2,18,7,1,1,1,1,A-Levels
R_3KBiVi3tZw8nvll,2,4,3,4,4,3,3,2,4,2,2,1,2,1,2,1,3,3,3,4,3,2,3,4,2,3,1,2,1,2,4,4,4,4,3,4,4,3,2,3,2,3,2,3,2,3,4,4,3,2,3,2,4,2,4,4,4,2,2,2,3,4,4,4,4,1,3,3,3,2,3,3,3,5,1,4,5,1,2,8.9,2,2,18,9,1,1,1,1,A-levels
R_12md2pwQIjwQtHf,3,5,4,4,3,3,5,3,4,4,3,2,2,1,2,2,5,4,3,3,3,5,3,4,4,4,2,2,1,2,2,3,5,1,2,5,3,2,1,2,3,1,3,2,1,2,2,5,2,2,2,2,5,1,2,2,2,2,1,2,3,4,3,3,4,1,1,4,4,3,4,3,2,8,1,5,5,1,2,9,2,2,19,9,1,1,1,1,A levels
R_1doCkGLHJ9LL7z5,2,5,5,5,5,5,1,4,5,5,5,3,1,2,2,2,5,5,5,4,5,1,4,5,5,5,3,1,2,2,4,2,3,2,2,2,4,2,1,3,2,1,3,2,1,1,1,2,3,1,3,2,4,2,2,3,2,1,2,3,2,1,2,1,3,1,2,1,2,1,2,1,3,3,1,2,6,1,1,7,2,2,19,9,1,1,1,1,A level
R_33EBjOR0ue6QKse,1,2,3,2,1,1,5,1,1,4,4,1,4,1,2,1,4,4,3,3,3,3,2,2,3,3,1,3,1,3,4,3,5,1,2,2,4,2,1,1,1,2,3,1,1,2,2,4,4,2,4,2,5,3,1,2,1,1,1,2,1,2,3,1,1,1,1,1,1,3,1,1,1,5,1,4,1,0,2,0,3,2,19,7,1,1,1,1,A levels
R_pSiGoh86SmP2HAJ,1,3,2,1,2,4,3,1,3,4,2,2,2,1,2,1,2,2,1,3,3,2,2,3,2,4,3,2,1,3,2,1,4,1,2,5,1,1,1,3,1,2,1,1,2,3,4,5,2,3,2,1,4,1,4,4,3,3,3,4,3,4,4,3,4,2,3,4,4,3,4,3,2,6,1,5,3,2,1,10,4,2,19,9,1,1,1,1,A-levels
R_6utBnb3WdMKeDWp,2,5,5,5,4,4,3,4,4,4,4,4,1,1,2,3,5,5,4,4,4,3,3,4,2,3,2,2,1,2,4,3,5,2,2,5,5,1,2,4,2,2,3,3,2,1,1,5,1,2,2,3,5,1,2,2,1,1,1,2,2,1,1,2,2,2,2,3,3,2,3,1,2,5,1,7,6,1,2,10,3,2,22,10,2,2,1,1,high school baccalaureate
R_XGHnoDVHmhs35IJ,2,2,2,2,4,4,4,4,4,3,3,1,2,1,2,3,3,3,3,2,3,4,4,4,4,4,1,2,1,2,2,1,1,1,1,3,2,3,1,2,1,1,1,1,2,1,1,3,2,2,2,2,2,1,4,2,3,3,2,3,3,4,4,4,4,3,3,4,4,3,2,3,3,8,1,6,6,2,3,9,3,2,32,9,1,1,1,1,A levels
R_YaGgXDz0nFJBfot,1,1,4,4,3,4,1,4,3,3,3,2,1,1,2,2,3,3,3,2,3,3,4,4,2,2,1,2,1,2,2,3,3,2,2,1,2,2,3,3,3,3,4,2,1,1,1,3,2,3,2,2,1,2,1,3,1,2,1,2,1,2,3,2,1,1,2,1,1,1,2,1,2,4,3,6,7,0,2,6,4,2,18,6,1,1,1,1,A-levels
R_22XiY93prvv4tLg,3,2,5,3,2,4,5,3,4,2,3,2,2,1,1,1,2,2,2,5,5,5,4,4,1,1,1,4,1,1,2,1,1,1,2,2,2,1,1,1,1,1,1,1,2,1,1,2,1,1,1,1,3,3,1,1,1,1,1,1,2,1,2,1,1,1,1,1,1,1,1,1,1,8,1,5,7,1,2,100,3,2,58,9,1,1,1,1,FCII - BA equivalent
R_2rNIqQf2rUUZxqf,3,4,3,4,3,3,4,2,3,4,4,2,2,1,1,1,2,4,4,2,2,4,2,3,3,3,2,3,1,2,2,1,2,1,1,2,1,1,1,1,1,1,1,1,2,1,1,2,1,2,2,1,1,2,2,3,3,2,2,3,3,3,2,3,3,2,2,3,3,2,1,2,3,3,2,5,6,2,3,8,3,2,18,9,1,1,1,1,A levels
R_2XnFLYFOJ3OUl4e,1,3,1,2,3,3,1,4,5,1,1,3,1,1,2,1,3,2,1,3,3,1,4,5,1,2,2,2,1,2,4,2,1,1,1,4,4,2,1,3,1,1,1,1,2,1,1,5,3,2,3,1,3,1,3,3,4,2,3,3,3,4,4,3,4,1,2,2,2,2,2,3,2,7,1,5,6,1,2,9,3,2,18,6,1,1,1,1,A level 
R_80KJXnxBRiGwPXX,2,2,2,3,4,4,1,5,5,1,1,3,1,1,4,2,3,2,2,1,2,1,4,5,1,1,3,2,1,4,1,1,1,1,2,2,2,1,1,1,1,1,3,2,1,1,1,4,1,1,2,1,1,2,2,2,1,4,1,4,2,1,2,2,4,1,1,1,2,3,1,2,1,1,1,1,2,1,1,0,1,2,18,7,2,1,1,1,A levels
R_3iR03XaviqEM0pe,2,4,4,4,1,5,2,1,1,5,4,2,1,1,1,1,3,4,2,4,4,3,2,3,5,4,2,1,1,1,3,1,1,1,1,2,4,1,1,2,1,1,1,1,1,1,1,3,1,1,2,1,2,3,1,2,1,1,1,3,3,2,2,2,2,1,2,3,2,1,1,1,1,6,2,6,6,1,1,100,2,2,18,9,2,1,1,1,AP 
R_Wrr1LeuAAt83NZv,4,5,5,5,3,3,2,4,4,2,1,4,1,2,3,3,4,4,5,3,3,3,3,5,3,3,3,1,2,3,5,5,2,3,1,5,5,3,2,3,1,4,4,4,3,2,4,5,5,3,5,3,3,1,3,3,3,1,2,3,3,3,4,4,4,4,2,3,4,4,4,3,3,3,1,5,4,1.5,2,90,4,2,18,11,2,2,1,1,IB 
R_1mtm6esU5crGFkM,2,3,3,3,2,2,5,1,2,4,4,1,4,1,2,2,2,2,2,1,2,5,1,2,4,5,1,4,1,2,3,2,4,1,2,4,4,2,1,2,1,2,2,2,2,1,1,3,2,1,1,1,3,2,2,2,1,2,2,3,3,4,3,3,3,2,2,2,3,2,2,2,2,6,1,6,7,3,1,100,4,2,19,9,1,1,1,1,A-levels
R_2BqRDc7TEmlR3fO,3,5,5,5,4,4,3,3,3,2,4,2,2,2,3,2,5,5,5,4,4,3,4,5,1,2,3,2,2,3,4,1,4,1,2,4,4,3,1,3,3,2,2,2,3,2,2,5,4,2,4,2,4,2,4,3,3,3,2,3,3,4,4,4,4,4,3,4,4,4,4,4,4,4,1,3,5,1,3,8,3,2,29,10,2,2,1,1,IB Diploma 
R_1rP7suBzXyXNHYl,1,3,4,2,4,3,5,2,4,2,2,3,1,1,3,1,4,2,1,3,3,3,2,4,4,4,2,2,1,2,3,1,1,1,1,2,5,2,1,2,1,1,1,1,1,1,1,1,1,1,3,1,2,2,1,2,1,2,4,2,2,4,3,3,3,1,1,2,3,3,2,1,3,5,1,3,5,2,2,8,2,2,19,9,1,1,1,1,A-level
R_yyzlT1giYsiQY25,2,1,2,2,1,1,2,2,4,2,3,2,2,1,2,2,2,2,2,5,2,5,1,5,3,3,2,3,1,2,2,2,2,1,1,5,4,3,1,1,2,1,2,1,2,1,3,5,1,1,4,2,4,1,4,4,3,3,1,3,4,4,4,4,4,2,2,4,4,3,3,2,2,6,1,4,5,60,2,10,2,2,18,9,1,1,1,1,A levels
R_2cAs9DZAHyxbLmo,1,1,2,2,3,2,2,1,2,4,5,1,3,1,3,1,2,2,2,4,3,2,2,2,4,5,2,3,1,3,3,4,5,1,1,5,5,1,2,3,3,2,1,2,4,3,5,5,3,3,4,1,5,2,2,4,3,2,1,3,4,4,3,4,4,1,2,3,4,3,2,2,3,5,2,5,6,1,2,90,3,2,18,9,1,2,1,1,A-levels
R_31KJgZuZMu7uh5q,3,5,4,5,5,4,1,1,5,1,1,3,3,3,3,5,5,5,5,4,4,1,2,4,1,1,4,1,4,4,4,4,5,3,4,4,5,3,1,2,1,2,2,3,2,2,2,4,3,2,5,3,5,1,2,3,2,2,3,3,2,4,3,4,2,1,2,3,4,3,2,1,2,7,1,1,3,3,2,6,2,2,18,10,1,1,1,1,A-levels 
R_3rYChC4p2Gaw1j7,2,3,1,2,1,1,5,1,3,3,3,3,2,1,2,2,3,2,2,4,4,2,2,3,3,3,2,2,2,3,2,2,3,1,2,3,3,3,3,2,2,2,3,2,3,2,2,4,1,3,2,1,3,1,4,3,3,2,3,4,4,4,4,4,4,3,3,4,4,4,4,4,4,7,2,4,7,2,3,10,4,2,18,9,1,1,1,1,A-Levels
R_1cSKZt7sh0TwwuK,2,4,4,4,4,3,3,3,4,4,4,3,2,2,3,2,4,2,3,3,3,2,2,3,3,3,2,2,2,2,3,3,4,3,3,3,4,2,1,2,2,2,2,2,2,2,1,3,3,3,3,3,4,1,3,2,2,2,2,3,4,3,2,3,3,1,2,3,3,3,3,2,2,6,1,5,5,2,2,90,3,2,18,9,1,1,1,1,A-levels
R_2vZVvNE6vOxTuhb,2,2,3,2,4,3,5,4,4,4,4,2,2,1,1,2,2,3,2,4,4,5,4,4,4,4,2,2,1,2,5,5,4,4,4,4,5,3,1,4,3,1,4,3,1,1,1,3,3,1,4,3,4,2,3,2,1,1,1,1,4,3,3,3,3,3,2,4,3,2,3,2,2,2,1,5,3,1,2,8,2,2,18,9,1,1,1,1,Diploma 
R_1goHOOKT5wHbytl,2,5,3,4,2,2,5,3,5,3,2,1,3,1,2,2,4,3,3,2,2,5,3,5,3,2,1,3,1,2,2,1,5,1,1,5,5,3,1,1,1,2,2,2,3,1,3,5,3,3,4,2,5,1,4,3,3,2,1,2,4,4,4,4,4,3,4,4,4,3,4,4,2,4,2,6,7,1,2,100,4,2,18,5,2,2,1,1,A-Levels
R_1mOYZvEOUjeRxQq,2,2,3,3,2,2,5,2,3,5,4,1,3,1,2,2,2,2,3,2,2,5,2,3,5,4,1,3,1,2,1,2,3,3,3,3,2,2,1,1,1,1,2,2,2,1,1,3,2,1,1,3,4,2,3,2,3,1,1,2,3,3,2,3,3,4,2,2,2,2,2,2,1,5,3,6,6,0,2,10,1,1,18,9,1,1,1,1,A-levels
R_1JPgmv8afZFsNhq,1,4,2,2,4,3,5,2,3,3,2,1,4,1,2,1,2,2,2,3,3,5,2,3,4,4,1,4,1,2,2,3,2,2,1,4,3,3,1,2,1,2,2,1,3,2,2,4,2,2,1,2,3,2,2,2,2,2,2,3,2,3,3,3,3,2,2,2,2,3,2,2,2,5,1,5,6,1,3,9,3,2,19,5,1,1,1,1,A-levels
R_3DjRM7j1ysAptvM,3,5,2,3,2,3,5,1,4,2,4,1,3,1,1,1,4,3,2,2,3,4,2,3,4,4,2,3,1,2,1,1,2,1,2,4,3,2,1,2,3,2,2,1,3,1,2,3,2,1,1,1,3,4,1,1,1,3,2,1,2,2,2,2,3,1,1,1,1,4,2,2,1,3.5,2,2,6,1,2,9,2,2,18,10,2,2,1,1,A-Levels x3
R_UfQTFMCI0cIGm4N,3,4,4,4,2,2,1,3,4,2,2,2,4,1,2,3,3,2,2,3,3,4,3,4,2,3,2,3,1,1,2,2,2,1,2,3,3,3,1,2,1,1,1,2,2,1,1,3,1,1,2,1,3,1,2,2,3,1,1,2,3,3,3,3,4,3,3,4,4,2,3,2,3,5,1,6,1,1,3,100,4,2,19,9,1,1,1,1,A-levels 
R_2PjmYQfbB2Jkrbm,1,3,3,2,1,2,5,1,1,5,5,2,3,1,1,1,2,3,3,1,1,5,1,1,1,1,2,2,1,1,2,1,2,1,1,4,2,2,1,2,1,1,2,2,2,1,1,4,2,1,2,1,2,3,2,2,1,1,1,1,2,1,1,1,2,1,2,1,2,1,1,1,2,6,1,6,6,1,3,9,4,2,20,7,1,1,1,1,a levels
R_3IWziNIuMCN1Buf,3,5,3,2,4,4,3,3,4,4,4,1,4,1,2,2,3,1,1,2,3,4,3,2,4,4,1,4,1,1,3,3,4,2,1,3,2,1,1,1,2,1,1,1,1,1,1,3,1,1,1,1,3,1,3,3,2,2,1,2,4,4,3,4,2,2,2,4,4,2,3,3,3,6,1,6,6,1,2,10,3,2,21,9,1,1,1,1,A-levels
R_2v0xiwyNZSx1DUk,2,4,2,2,4,4,2,2,4,4,4,2,1,1,2,1,2,1,1,4,3,2,3,4,4,4,3,1,1,2,1,1,3,1,1,3,2,1,1,1,1,1,1,2,1,1,1,4,2,1,1,1,3,1,3,2,2,2,2,2,3,3,4,3,3,2,2,3,4,3,2,4,3,15,1,3,5,2,2,8,2,2,19,9,1,1,1,1,A-levels
R_2BsRFpRmjBuwL1R,1,4,3,2,4,4,3,2,4,4,4,1,2,1,1,1,2,1,1,3,3,4,2,3,3,3,1,2,1,1,1,1,4,1,2,2,2,1,1,1,1,1,1,2,1,1,1,4,1,1,1,1,3,2,2,3,2,1,1,2,3,3,2,2,2,1,1,2,2,3,2,2,2,3,1,6,6,1,2,100,4,2,19,10,2,2,1,1,IB
R_2QuEfjoisBE7hMT,1,5,5,5,3,4,4,1,4,3,3,2,1,1,1,1,4,3,3,3,4,4,1,2,4,4,1,2,1,1,4,1,5,2,2,5,4,4,1,2,1,1,1,1,1,1,1,5,4,1,2,1,4,1,3,3,2,2,1,3,2,4,4,2,2,1,1,1,3,1,2,3,2,7,1,7,6,1,2,8,3,2,19,9,1,1,1,1,A levels
R_3erzG3Zgf8ZSrRS,1,3,4,4,3,2,5,2,4,2,3,1,3,1,1,1,2,2,2,3,2,3,2,4,4,2,1,4,1,1,2,2,2,1,1,1,2,1,1,1,1,1,2,1,1,1,1,3,2,1,1,1,2,3,1,1,1,1,1,1,1,2,2,1,1,1,1,1,1,1,1,1,1,6,1,2,5,2,2,80,2,1,18,6,1,1,1,1,A-levels
R_1Kj7tpfuP4CSDOA,2,2,2,2,2,2,5,4,4,4,4,1,3,1,2,2,2,1,1,2,2,5,4,3,4,3,1,2,1,2,5,4,3,2,2,2,5,3,1,2,1,2,3,3,1,1,1,2,3,1,4,3,2,2,3,2,1,1,1,2,3,3,3,3,3,2,2,3,3,3,3,3,3,1,2,6,6,0,2,10,4,2,19,10,1,1,1,1,A-levels
R_Tw7fG4rME6tS8sF,4,5,3,4,4,5,3,2,4,3,3,4,2,2,3,4,5,3,2,3,4,1,3,4,4,2,2,2,1,2,3,4,5,2,4,5,3,4,1,2,3,2,4,3,2,1,2,4,2,3,3,4,4,1,2,3,2,3,1,2,4,3,4,2,4,3,2,4,4,3,3,2,3,2,1,3,5,1,2,75,2,2,19,8,1,1,1,1,A-levels
R_uy0UefRaMXtvxmx,2,2,2,3,2,2,4,3,2,3,3,1,2,1,1,2,3,3,3,1,1,4,3,3,3,3,1,3,1,1,4,4,4,1,3,3,3,3,2,3,1,2,2,2,1,1,2,3,3,3,3,1,4,1,3,3,2,2,2,2,2,3,2,2,4,3,2,2,2,2,2,2,2,10,1,7,6,5,3,70,5,2,19,11,2,2,1,1,BTEC
R_2WSj9njk9R2rEv4,1,2,2,1,1,2,5,1,2,4,4,1,4,1,2,1,2,2,1,2,2,5,1,2,4,4,1,4,1,2,1,1,2,1,4,4,2,2,1,1,3,2,1,3,1,1,2,3,2,1,1,1,2,1,3,2,2,1,1,2,4,4,3,3,2,2,3,4,4,3,3,2,2,6,3,6,7,1,2,9,3,1,20,9,1,1,1,1,University First Year Distinction
R_3JJLH8S5SwMBRY3,2,2,1,2,2,2,5,2,3,5,5,1,4,1,2,2,3,1,2,3,3,1,2,1,4,4,1,3,1,3,3,3,4,3,1,1,1,3,1,1,3,1,1,3,2,1,1,1,2,1,2,2,3,1,3,2,1,1,1,1,1,3,1,3,2,1,1,1,3,2,1,1,1,4,1,3,2,1,2,50,2,2,18,10,2,2,1,1,Esame di Maturit?ÿ Italiana
R_3j7mq6MxKnRkCrA,2,3,4,5,4,4,3,3,2,1,2,3,1,2,4,2,4,5,5,4,5,2,2,3,4,4,3,2,3,4,3,2,4,3,2,5,5,5,4,4,4,5,3,3,4,5,3,5,3,5,5,3,4,1,3,3,4,3,2,3,4,4,3,4,3,4,4,4,4,4,4,4,3,5,1,2,3,2,2,5,2,2,18,11,2,1,1,1,BTEC 
R_1dKtIWM5eNP1cv1,3,3,4,4,3,3,3,3,4,3,3,2,3,2,2,2,2,4,2,3,3,4,3,4,3,3,2,2,2,2,3,2,4,3,2,5,4,4,2,2,2,3,2,4,3,3,4,5,3,3,4,3,4,2,3,3,2,2,2,4,3,3,3,2,3,4,2,3,3,4,3,3,2,3,1,4,4,0,1,0,1,1,19,7,2,1,1,1,I have a couple 
R_2b14myKtatzduh5,3,2,5,5,5,5,3,5,4,2,2,4,1,2,2,2,5,5,5,4,4,1,5,5,1,1,4,1,2,2,5,3,5,2,2,3,4,4,2,2,1,2,2,3,1,1,1,4,4,3,4,2,5,2,2,2,3,2,1,3,3,2,2,3,4,2,3,4,3,2,3,3,2,5,1,2,3,0,1,0,2,2,19,7,2,1,1,1,a levels
R_23VqRKpDjYwut3E,2,3,3,3,4,3,3,2,3,3,3,1,2,1,3,2,3,3,2,3,3,2,3,3,3,3,1,2,1,3,1,2,3,2,1,3,2,2,1,2,1,1,1,1,3,2,2,2,1,2,1,1,3,2,2,1,2,3,2,2,1,3,2,2,4,3,2,2,3,1,2,1,2,10,1,4,2,2,3,60,3,1,18,9,1,1,1,1,A-Levels
R_2TT6Xk0tXmjEvFz,1,2,2,3,3,3,5,3,3,2,3,3,3,1,1,1,2,2,2,2,3,5,3,3,4,3,1,1,1,2,1,1,4,1,1,5,2,3,1,1,5,2,2,1,2,1,2,2,1,1,3,2,5,2,3,3,2,4,2,4,2,3,4,3,4,3,3,3,3,3,3,2,3,2,1,5,5,7,2,7,2,2,19,5,1,1,1,1,BTEC
R_3GetjdM8Dk0YA3h,1,1,1,1,5,5,1,5,5,1,1,3,2,2,4,1,1,1,1,5,5,1,5,5,1,1,2,2,2,4,2,1,5,4,3,5,2,1,1,2,2,2,1,2,2,2,2,2,1,5,3,2,3,2,3,3,3,3,3,3,3,3,3,3,3,3,3,3,3,3,3,3,3,0,1,1,1,0,0,0,1,2,19,7,2,1,1,1,alevels
R_BK59VVmvATEgXZv,2,4,5,4,3,3,3,2,4,2,1,2,2,1,2,2,3,3,3,5,4,4,2,4,2,2,1,3,1,2,4,4,2,3,2,2,2,4,1,2,1,1,1,1,2,1,2,4,2,1,3,2,2,1,4,3,2,4,3,4,3,4,3,4,4,4,3,4,4,4,3,2,4,6,3,6,7,0,2,9,5,2,22,8,2,2,1,1,High school diploma
R_STAEexkvd8exs5P,2,3,1,2,5,4,3,4,3,5,5,2,2,1,1,2,3,3,3,4,4,5,1,3,3,3,2,2,1,2,3,1,4,1,5,4,5,3,1,3,3,2,2,3,1,1,1,5,5,1,2,1,5,1,3,3,3,2,1,4,3,4,4,4,4,4,2,3,4,4,2,3,4,2,1,3,5,1,3,90,2,2,18,6,1,1,1,1,A-levels
R_3Kp89xsGQf9vG8N,2,3,3,3,4,3,4,3,4,3,3,1,2,1,3,2,2,2,3,3,3,2,2,3,4,4,1,2,1,2,1,1,3,2,1,2,2,3,2,1,1,2,1,2,2,1,2,2,1,1,1,1,3,2,2,1,3,1,2,2,1,2,1,1,3,3,2,2,3,2,1,1,2,10,1,4,3,2,3,60,3,1,18,9,1,1,1,1,A-Levels
R_2PhgboILxYL8ZOT,3,4,5,5,5,5,1,3,5,5,5,2,2,2,2,2,4,4,4,4,4,5,3,3,1,1,2,2,2,2,4,2,5,1,4,5,5,2,1,4,4,1,3,4,4,4,4,5,5,2,5,5,5,1,3,2,4,4,2,3,4,4,4,4,4,4,4,4,4,4,4,4,4,3,1,3,7,1,3,70,3,2,18,9,1,1,1,1,Ib
R_zd0i07RRygvlHix,2,2,2,2,2,2,4,1,4,4,5,1,4,1,4,2,2,2,2,2,2,4,2,2,5,5,1,4,1,4,2,2,5,5,3,5,4,5,1,2,5,5,5,5,5,3,5,5,1,1,3,1,5,1,3,3,4,4,4,4,4,4,3,3,4,3,3,4,3,4,3,3,3,10,2,6,6,5,3,7,4,2,18,9,1,1,1,1,A-Levels
R_1gw5B7UhawpadkB,1,1,3,2,1,1,4,3,2,3,3,1,4,1,3,1,2,3,2,1,1,3,3,3,4,4,1,4,1,2,3,4,2,2,2,2,4,3,1,1,2,1,1,1,1,1,1,3,1,1,1,1,3,3,1,1,1,1,1,1,2,2,3,3,1,1,1,1,1,2,3,2,1,4,3,6,6,1,2,8,3,2,19,9,1,1,1,1,A-levels
R_tEuMea6RH67TunL,2,1,1,1,2,2,5,2,2,5,5,1,3,1,3,2,2,1,1,2,2,4,2,2,5,5,1,4,1,3,1,1,1,1,1,1,1,1,1,1,1,1,1,1,1,1,1,1,1,1,1,1,1,2,1,1,1,1,1,2,1,2,2,2,1,1,1,2,2,2,1,2,1,4,2,5,5,1,2,90,4,2,19,9,1,1,1,1,A-levels
R_Olj60Ibh407RrYR,1,2,1,1,2,2,2,2,2,4,3,1,3,1,2,1,1,1,1,2,2,2,3,2,4,3,1,3,1,2,1,1,1,1,1,1,1,1,1,1,1,1,1,1,1,1,1,1,1,1,1,1,1,2,2,1,1,1,1,1,3,3,2,1,2,1,1,1,4,1,1,1,1,5,1,5,7,1,2,10,3,2,18,9,1,1,1,1,A-levels
R_3Ok998nijOYkiwr,3,3,2,1,3,3,2,2,4,5,5,2,2,1,3,3,3,3,3,4,3,2,3,5,5,5,2,2,1,4,2,1,2,1,1,2,1,2,1,1,1,1,2,1,1,1,1,2,1,1,1,2,2,3,2,2,1,1,1,1,1,2,1,1,1,1,1,1,1,2,1,1,1,3,1,2,6,1,2,9.6,2,2,18,8,1,1,1,1,A- Levels
R_ena0drsZF5IBD8J,3,5,5,5,3,3,4,3,5,2,2,2,2,1,2,1,2,3,3,1,2,4,3,5,4,4,2,2,1,2,5,5,5,3,3,5,5,1,1,2,1,2,2,2,4,1,5,5,5,3,3,1,5,1,2,2,2,2,1,2,3,4,4,4,4,2,4,2,4,4,2,4,2,3,1,2,1,1,2,5,2,2,19,9,1,1,1,1,A Levels
R_9XHtgYCyolv0dNf,3,5,5,5,3,3,3,4,5,2,2,2,2,2,3,4,5,5,5,4,4,1,5,5,1,1,4,1,3,3,5,3,5,1,5,5,5,2,1,5,1,5,2,3,5,5,5,5,1,5,2,2,5,1,4,4,4,3,3,4,4,4,4,4,4,4,4,4,4,4,4,4,4,5,1,1,2,1,3,80,2,2,21,9,1,1,1,1,A levels
R_1fgcJ2DhACnQruN,2,4,4,4,5,5,3,5,5,2,2,2,2,1,3,2,3,3,3,3,3,2,5,3,3,3,3,2,1,2,3,2,4,2,1,5,4,2,1,2,4,1,2,2,1,1,1,5,2,1,2,2,4,1,3,4,4,4,3,4,4,4,4,4,4,1,4,4,4,4,4,4,3,4,1,2,4,1,3,9,2,2,19,9,1,1,1,1,a level
R_yIVDjRLQcyKAJWN,2,3,2,1,2,2,4,2,4,3,2,1,4,1,2,1,2,1,2,1,2,5,1,1,5,5,1,1,1,2,4,5,3,1,2,5,2,1,1,2,1,2,1,4,2,1,2,5,2,2,2,1,3,1,3,1,1,3,1,4,4,4,4,3,4,4,3,4,4,3,4,3,4,5,1,6,7,1,2,90,4,2,18,9,1,1,1,1,alevels
R_1MY9oCi7RtUMByl,1,1,1,1,4,4,2,4,5,4,4,1,1,1,4,1,1,1,1,4,3,2,3,4,1,1,1,1,1,4,1,1,1,1,1,1,1,1,1,1,1,1,1,1,1,1,1,1,1,1,1,1,1,2,2,1,1,1,1,1,1,1,1,1,1,1,1,1,1,1,1,1,1,3,1,3,7,1,3,100,2,1,20,9,1,1,1,1,University Foundation Year Degree
R_xAaGaQob6hwq7u1,2,2,2,2,5,5,5,5,4,5,2,1,2,1,2,1,2,3,3,5,4,5,4,5,3,2,2,2,1,2,2,1,2,1,3,3,2,3,1,2,1,1,2,2,1,1,1,3,2,1,1,1,1,2,3,2,3,1,2,3,3,3,4,3,4,4,4,3,4,4,4,2,3,5,1,5,5,1,2,100,2,2,19,9,1,1,1,1,A level
R_pKpIMixdP8j3EyZ,3,4,4,4,3,3,2,3,2,4,4,2,1,1,2,3,5,4,4,3,3,4,3,2,3,3,2,2,1,2,4,4,4,4,4,5,4,4,1,4,4,2,4,3,4,2,2,4,4,4,4,5,5,1,3,1,2,4,1,3,4,4,4,4,4,4,3,4,4,4,4,3,4,7,1,6,6,2,2,100,4,2,18,9,1,1,1,1,A-Levels
R_3qyEUnvx1qz9TvL,2,3,2,2,3,3,4,3,4,5,5,1,3,1,2,1,2,1,1,2,2,4,3,3,5,5,1,3,1,2,2,1,3,1,1,4,3,2,1,2,2,1,1,1,1,1,1,4,2,1,2,1,3,2,2,2,2,2,1,2,3,3,3,2,3,1,2,2,3,4,2,2,2,4,1,6,6,2,3,10,3,2,18,9,1,1,1,1,College Diploma
R_1rfwhu2UPyzz7oe,2,3,3,4,3,3,4,2,3,3,2,2,3,1,2,2,3,3,4,3,4,3,2,3,2,2,2,2,1,2,4,3,5,4,4,5,5,3,4,4,2,4,2,2,4,5,3,5,3,2,5,3,5,1,3,4,4,4,3,4,4,4,4,4,4,3,4,3,4,4,4,4,3,5,1,6,5,3,2,27,4,2,18,9,1,1,1,1,A-levels
R_1DGSJnf8ZmdSAke,4,3,3,2,1,1,4,1,1,4,5,1,4,2,2,4,3,2,2,1,1,4,1,1,4,4,2,4,2,2,3,2,4,2,1,3,2,1,2,2,1,2,1,1,2,2,3,4,1,2,3,1,3,2,3,2,3,2,2,2,3,3,4,3,4,2,3,3,3,2,1,2,3,5.5,3,7,7,0.5,2,100,3,1,18,9,1,1,1,1,A-levels
R_3F2MO5pmhHgkYqe,2,2,2,2,2,2,2,2,2,2,2,1,3,1,1,2,2,2,2,2,2,5,2,3,4,5,1,3,1,2,2,1,2,2,2,3,2,2,1,2,2,2,2,1,2,1,1,3,2,2,2,1,3,2,2,2,2,2,2,2,3,3,3,2,2,1,2,3,2,2,2,1,1,3,2,6,6,0.5,2,100,3,1,18,3,1,1,1,1,A-levels
R_1hYhzKEOAf6UA9k,2,3,3,3,3,3,5,3,3,4,4,1,3,2,3,2,2,3,3,4,3,3,3,3,2,2,1,1,2,3,2,2,4,4,2,3,3,4,2,2,2,2,2,2,2,2,2,4,2,2,2,2,4,1,2,3,2,2,2,3,3,3,3,3,4,3,3,3,3,3,2,3,3,4,1,1,3,1,3,8,2,2,18,9,1,1,1,1,A levels 
R_DOvcwH6HXs6Wlwd,2,3,2,2,2,2,5,2,4,3,4,1,3,1,2,1,2,3,3,2,2,5,2,3,4,4,1,1,1,2,3,3,4,1,2,3,3,4,3,2,4,2,3,4,2,2,3,5,1,1,1,1,4,2,3,2,2,2,1,3,3,4,3,4,4,1,3,3,3,4,2,2,3,6,2,5,4,1,2,6.5,2,1,18,9,1,1,1,1,A-Levels
R_OKfYCCgzIVtwdt7,2,5,5,3,3,3,3,2,3,2,2,4,2,2,3,2,5,5,2,2,2,3,2,3,2,3,3,2,2,3,2,2,2,1,3,5,4,3,1,2,2,2,3,4,4,2,3,5,3,2,4,3,4,2,3,3,3,2,2,2,4,3,2,3,4,2,2,3,3,3,3,2,3,4,2,3,7,2,2,100,3,2,19,8,2,1,1,1,IB
R_2b15xDiefrTcvvj,3,5,2,2,4,4,4,3,3,4,4,4,3,1,3,3,4,2,2,3,3,3,3,4,4,4,3,3,1,2,2,1,4,2,1,5,3,2,1,2,1,1,1,3,1,1,1,5,3,1,2,1,5,1,3,2,1,2,1,2,4,3,4,4,4,2,2,3,4,2,3,2,3,5,1,5,5,2,3,8,2,2,19,9,1,1,1,1,A levels
R_CZXBP0CbM7HOAWl,2,1,4,4,3,4,5,2,2,3,3,1,4,1,3,1,1,2,2,3,3,3,2,4,3,3,1,1,1,1,2,2,4,1,1,5,4,4,1,3,1,1,1,2,4,2,2,4,4,2,2,1,2,1,4,4,4,4,4,4,4,4,4,4,4,4,4,4,4,4,4,4,4,6,1,5,6,2,2,90,3,2,26,10,2,1,1,1,A-levels 
R_2Y5nCxC73vXmEIY,3,5,5,4,2,3,5,1,3,4,2,3,2,1,3,3,5,5,4,4,4,3,4,3,3,4,3,2,2,2,1,1,4,3,2,3,3,4,1,3,2,3,1,1,3,2,1,5,3,3,2,2,2,2,3,1,1,1,1,2,2,2,4,3,3,2,3,3,2,4,4,3,2,6,1,4,6,1,2,70,2,2,18,11,1,1,1,1,A levels
R_bKPvHRH4SzsF6w1,1,1,1,1,1,1,4,1,1,4,4,1,3,1,1,1,1,1,2,1,1,4,1,3,4,4,1,3,1,1,3,1,3,2,1,1,4,2,1,1,1,1,1,1,1,1,1,2,2,1,2,1,3,2,2,1,2,3,1,3,2,3,2,1,3,1,1,2,2,2,1,2,1,8,2,5,5,2,3,90,1,2,20,10,2,2,1,1,A levels/ Access course
R_sjIS9EpRQBzKDG9,2,3,2,3,4,2,1,2,4,3,3,2,3,1,2,1,2,3,3,3,3,1,2,3,2,2,2,3,1,2,3,3,5,2,3,4,5,4,2,2,2,1,3,2,1,1,1,4,2,1,3,2,4,2,2,3,2,1,2,3,2,4,4,3,2,2,1,2,3,2,2,2,2,4,2,5,6,1,2,10,2,2,18,9,1,1,1,1,A levels
R_28TceNOlWeUXjtC,2,5,3,3,3,4,5,4,4,5,5,1,2,1,2,1,4,2,2,4,4,4,2,3,4,4,2,2,2,3,4,3,5,1,2,2,3,2,1,2,2,1,1,1,1,1,1,3,2,2,1,2,3,1,3,3,2,3,2,3,4,4,3,3,3,4,3,4,3,3,2,3,3,5,2,5,6,0.5,2,100,3,2,18,9,1,1,1,1,a-levels
R_3synUL1xtTaOvY1,2,2,3,2,2,2,4,2,4,3,4,1,3,2,2,1,2,2,2,2,2,4,2,3,5,5,1,3,1,2,2,1,4,1,2,3,4,3,1,2,1,1,2,2,1,1,1,3,2,1,2,3,4,2,3,2,3,2,1,2,3,2,3,3,4,1,2,2,4,3,2,1,2,6,1,6,5,1,2,9,3,2,18,9,1,1,1,1,A levels 
R_ahOgjBI8IqtyfMl,4,4,3,4,4,4,2,3,4,2,2,3,1,2,3,2,3,2,3,2,2,4,3,3,2,3,2,3,1,3,2,3,4,2,4,3,3,5,1,2,4,2,3,2,1,2,2,4,4,1,2,4,4,1,3,3,3,2,4,4,3,4,4,3,4,3,3,3,2,3,3,3,4,5,1,5,5,1,1,70,4,2,18,9,1,1,1,1,A-Levels
R_2E6P2tD1ARY1tC8,2,3,3,4,4,3,4,3,4,1,2,2,1,1,2,3,4,5,5,4,3,4,3,4,1,2,2,3,1,2,2,2,2,1,3,5,4,3,1,2,1,1,3,3,2,1,1,5,4,1,3,3,3,1,2,2,1,1,2,2,2,4,2,3,4,2,2,3,4,2,4,2,2,6,1,5,5,3,3,9,2,2,18,9,1,1,1,1,A-levels
R_ue3jjH9MnA6NVLj,2,3,2,4,2,3,5,3,5,2,1,2,1,1,3,2,2,4,4,2,2,5,3,4,1,1,1,2,1,3,3,1,4,2,1,4,3,3,1,1,1,1,1,2,1,1,1,3,2,2,1,1,5,2,2,3,1,2,2,2,1,4,4,2,3,3,2,3,3,4,1,2,2,5,2,4,5,0.5,2,75,3,2,18,9,1,1,1,1,A-levels
R_2U950zOFvQemZvA,1,1,1,1,1,1,4,2,2,5,5,1,4,1,2,1,1,1,1,1,1,4,2,2,5,5,1,4,1,2,1,1,2,1,1,2,1,2,1,1,1,1,1,1,2,1,1,3,1,1,1,1,2,2,1,2,2,2,2,2,2,2,2,2,2,1,2,1,2,2,1,2,2,4,2,5,7,1,2,95,2,1,18,8,1,1,1,1,A-levels
R_3HIIq6izXdduN1g,1,4,5,3,3,4,4,3,5,2,1,1,2,1,2,1,5,5,2,5,5,1,3,5,2,1,2,1,1,4,2,2,1,1,1,1,3,1,1,1,3,1,1,2,1,1,1,3,2,1,2,2,1,2,2,1,2,1,1,2,2,3,2,1,1,1,1,2,3,1,1,2,2,3,1,1,4,1,2,20,1,2,18,9,1,1,1,1,A-levels 
R_vxAaWxH4TQg4sVj,1,5,5,5,4,5,4,4,4,4,4,2,2,1,1,1,5,5,5,3,4,4,3,4,5,5,3,3,1,4,1,1,1,1,1,1,1,1,1,1,1,1,1,1,1,1,1,1,1,4,1,1,1,4,1,1,1,1,2,2,1,1,1,1,1,1,1,1,1,2,1,1,3,4,1,1,1,2,2,50,2,1,18,7,1,1,1,1,a levels & cambridge technical
R_2CKwDs0rhZ2FCBR,2,2,2,1,2,2,5,1,3,5,5,1,4,1,1,2,2,2,1,2,2,5,1,2,5,5,1,4,1,1,2,2,2,1,2,3,3,1,1,1,1,1,2,2,1,1,1,2,1,1,1,1,1,2,1,1,2,1,1,1,3,3,3,2,3,2,1,1,3,2,1,3,2,5,3,7,7,0,2,10,2,1,20,10,2,1,1,1,IB
R_31hgxYGegysdCQ0,4,5,4,5,4,4,2,4,4,4,4,1,4,1,1,1,2,3,3,3,3,4,3,3,4,4,1,4,1,1,5,4,5,1,3,5,5,1,2,3,2,4,4,3,4,2,3,5,1,2,4,3,5,2,2,1,2,1,1,1,2,3,3,2,4,2,1,1,3,1,1,3,2,4,3,6,6,1,2,10,3,2,18,9,1,1,1,1,A-Levels
R_3qF3x1lddTXfchY,2,5,5,5,5,5,4,3,5,1,1,3,1,2,4,2,5,5,5,5,5,3,4,5,5,5,3,1,2,4,3,2,4,1,3,4,3,2,1,3,2,3,2,3,3,2,2,4,4,3,1,2,4,1,3,4,3,3,3,4,4,4,4,4,4,4,3,4,4,3,4,3,3,7,1,1,4,1,2,100,1,2,18,9,1,1,1,1,International Baccalaureate
R_1ie3oyWgaFdDKTR,3,3,3,2,3,4,1,3,4,2,2,2,2,2,3,3,5,4,3,3,4,2,4,4,2,2,2,2,2,3,4,5,4,2,2,5,5,2,3,4,2,3,3,3,5,3,3,5,3,3,2,2,5,1,3,3,4,3,3,3,4,3,3,3,4,4,3,3,4,4,4,2,3,4,2,3,6,0.5,2,90,2,2,18,5,2,1,1,1,IB diploma
R_pzMRJhQBCP0jHQB,2,3,3,2,4,3,4,3,4,3,3,1,2,1,2,2,3,3,3,3,3,4,3,4,2,3,1,3,1,2,1,1,3,1,2,4,4,3,1,2,2,2,2,2,3,2,2,3,2,1,2,1,2,1,2,3,2,2,2,2,2,3,3,3,4,2,2,3,3,2,2,2,3,4,1,4,2,0.5,3,9,3,2,19,9,1,1,1,1,a levels
R_OlZeXlUDIn0pg1r,1,2,3,1,2,2,4,2,2,5,3,1,4,1,2,1,1,3,1,2,2,5,3,4,5,3,1,4,1,3,3,3,3,2,3,1,3,3,1,3,2,1,3,4,1,1,1,2,3,1,4,3,2,2,2,3,1,1,2,2,1,3,2,1,2,1,1,2,2,2,1,1,2,8,3,7,6,4,3,9,3,1,18,9,1,1,1,1,A levels
R_3lVK7LvFSjT5rWx,1,3,4,5,1,3,5,2,4,4,2,2,3,1,2,1,3,3,2,2,2,5,2,3,4,4,2,3,1,2,1,1,4,1,2,3,2,4,1,1,2,1,1,2,2,2,1,4,2,1,1,1,4,2,3,3,2,1,2,2,3,4,2,3,4,2,1,3,3,2,4,3,3,7,1,6,7,1,2,100,3,2,19,9,1,1,1,1,A-Levels
R_1Lb355ul5K376aL,3,2,4,3,1,1,5,3,3,2,2,1,4,1,1,1,2,3,3,2,2,4,2,3,2,3,1,3,1,2,2,1,5,1,2,2,3,4,1,1,1,2,2,2,2,1,2,3,2,3,3,2,4,3,2,3,1,2,1,4,4,3,3,3,2,1,1,2,3,2,3,1,2,4,1,6,7,0.5,2,10,4,2,20,9,1,1,1,1,A-Levels
R_3CV1MZni0EA2nOj,2,3,4,4,3,2,5,3,4,3,2,1,3,1,2,2,3,3,3,4,4,3,3,4,4,4,1,1,1,1,3,1,2,1,1,3,2,3,1,3,2,1,1,1,1,1,1,2,1,1,3,1,2,2,2,2,1,1,2,3,3,3,3,2,4,2,2,2,3,3,2,2,3,3,1,2,3,1,2,7,2,2,18,9,1,1,1,1,a-levels
R_2dBemmiFBon1UJE,2,3,3,1,2,2,4,2,2,5,5,1,4,2,3,3,2,1,1,1,2,5,2,1,5,5,1,4,2,3,3,2,3,2,2,4,3,2,1,1,1,1,1,2,1,1,2,2,3,1,2,1,3,3,1,1,1,1,1,1,2,2,2,3,1,1,1,1,2,1,3,1,1,4,1,7,7,1,3,100,4,2,19,10,2,2,1,1,International Baccalaureate
R_3qPOsTYHpsTsDYO,4,4,4,5,2,5,2,4,4,1,1,3,1,3,2,2,3,3,3,3,4,4,3,5,2,2,2,3,1,1,2,1,2,1,1,3,1,1,1,2,1,1,1,1,1,1,1,3,3,1,1,1,2,2,1,3,2,1,1,2,1,2,2,1,2,2,3,2,3,1,2,1,2,4,1,6,5,2,2,10,5,2,18,11,1,2,1,1,A levels
R_3QJkSAG71Iog5fE,2,2,2,2,2,2,2,3,3,3,3,3,2,2,2,2,3,4,4,4,4,4,4,4,4,3,3,4,2,2,5,3,4,3,3,4,3,2,1,3,2,3,3,3,3,3,2,3,2,3,3,2,3,2,3,2,1,2,1,1,2,2,2,2,2,2,2,2,3,2,2,2,1,5,1,3,4,2,2,80,2,2,18,7,1,1,1,1,A-levels
R_2wBovPOY5akrC2e,4,2,2,3,2,2,4,2,2,5,5,1,3,1,2,3,2,4,4,3,3,5,2,3,5,5,1,3,1,2,1,2,2,1,2,3,2,4,1,2,1,1,2,2,1,1,1,3,2,1,2,1,3,2,2,2,2,1,1,1,2,4,3,3,3,1,2,2,4,1,2,3,2,3,2,6,7,1,2,100,3,2,18,9,1,1,1,1,a levels
R_2q9jpQsM5jyNGUZ,1,2,1,1,1,2,4,2,3,4,4,1,3,1,2,1,2,1,1,2,2,4,2,2,4,4,1,3,1,1,1,1,2,1,1,2,3,1,1,1,1,1,1,1,1,1,1,2,1,1,1,1,2,2,2,2,2,3,1,2,2,3,2,2,4,2,2,2,2,2,2,2,2,20,2,6,7,1,2,9,4,2,20,7,1,1,1,1,A levels
R_2Tz0tZyj1an4YcA,1,3,5,5,1,1,4,1,3,2,2,1,4,1,2,1,3,5,5,1,1,2,1,3,2,2,1,4,1,2,3,3,5,3,4,5,5,3,1,2,1,1,1,1,2,1,3,4,3,2,2,2,5,3,2,2,1,1,3,2,3,4,3,3,4,1,2,3,4,2,1,2,3,6,1,3,4,1,3,8,3,2,18,9,1,1,1,1,a levels
R_2tckzBdduyYUEQT,5,5,5,5,4,4,2,4,5,1,1,4,1,4,2,5,5,5,5,4,5,2,3,5,1,1,4,1,4,2,5,5,5,3,5,2,5,3,1,2,1,2,3,3,2,1,1,3,2,1,2,2,2,2,2,2,2,1,1,2,2,3,3,3,4,2,2,2,4,4,2,3,3,6,1,5,5,1,4,8,3,1,19,9,1,1,1,1,"A-levels, BTEC"
R_ClekOAdhR7QCqWd,2,5,5,5,3,2,5,1,5,1,1,1,3,2,1,2,5,5,5,4,2,4,1,5,1,1,2,2,2,1,2,1,5,1,2,4,3,2,1,1,1,2,1,2,2,2,3,4,1,2,1,1,4,2,2,2,2,3,3,3,2,4,4,4,4,1,2,3,4,2,2,2,3,4,1,5,7,1,2,10,2,2,19,9,1,1,1,1,A-Levels
R_2QLDJxby2O6jTps,2,4,3,3,2,2,4,3,2,4,4,2,2,1,2,2,4,3,3,2,3,3,3,3,2,2,2,2,2,2,4,3,4,2,4,4,5,3,1,3,2,2,3,3,2,1,2,3,3,3,4,3,4,2,3,2,2,3,2,2,3,3,2,2,4,1,3,2,3,2,1,2,2,6,2,5,6,2,2,80,3,2,20,9,1,1,1,1,BTEC
R_12gQL181eqMd5fo,1,2,2,1,1,1,5,1,1,5,5,1,4,1,2,4,5,5,5,5,4,2,4,5,4,1,3,2,2,3,3,2,5,1,2,5,4,2,1,1,2,1,1,1,1,1,1,2,1,1,1,1,4,1,4,4,4,4,3,3,3,4,4,4,4,4,3,4,4,4,4,2,4,9,1,3,6,2,2,9,2,2,18,8,2,2,1,1,A levels
R_Ug2tShnN5PkE73X,2,2,2,2,3,4,4,2,2,4,4,1,2,1,1,1,2,2,2,3,3,3,2,3,2,2,1,3,1,2,4,4,3,2,3,5,4,2,1,3,3,1,3,3,1,1,1,3,2,1,4,3,2,1,2,2,2,3,2,2,3,3,3,2,4,1,2,2,2,3,2,2,2,6,1,5,4,3,2,70,4,2,19,6,1,1,1,1,Alevels
R_1jVTrXZIxaQPOhk,1,3,2,2,3,3,4,3,5,4,4,1,3,1,2,1,2,1,2,4,3,4,2,3,4,4,1,2,1,2,3,5,4,1,2,2,4,2,1,2,1,1,1,1,1,1,1,3,2,2,1,3,5,4,1,2,1,1,2,2,1,1,3,1,2,1,1,1,1,2,2,2,2,4,1,5,7,0,2,90,2,2,18,10,2,2,1,1,IB Diploma
R_2AR4MMWnxg4rDJW,1,1,1,1,2,2,5,2,4,5,4,1,4,1,3,1,1,1,1,1,2,4,3,2,4,5,1,4,1,2,5,5,4,5,5,5,5,5,5,5,4,5,4,3,5,5,5,5,5,5,5,5,5,2,3,1,2,2,3,4,4,4,4,4,4,2,3,4,4,4,3,3,4,4,2,7,5,1,4,6,3,2,21,10,2,2,1,1,A-levels
R_r6IdaatfDWqAgQp,4,1,1,2,4,4,3,1,2,5,5,1,4,1,1,2,1,1,1,1,1,4,1,1,3,5,2,3,4,4,2,1,1,1,5,5,4,1,1,1,1,1,2,1,1,2,1,4,1,1,5,1,5,1,3,4,2,3,3,4,2,2,3,2,4,2,1,3,2,3,3,3,1,3,1,1,6,1,3,8,2,1,19,5,1,1,1,1,A-Levels
R_rjLKxCP98JcHSdH,1,2,2,2,3,3,2,4,4,4,3,1,3,1,4,1,1,1,1,2,2,3,5,4,5,4,1,2,1,4,2,1,3,2,4,5,5,1,1,2,1,1,1,1,2,1,1,5,3,5,1,1,5,1,3,3,4,4,4,4,4,4,4,4,4,3,4,4,4,4,3,4,4,6,2,6,4,0,2,0.75,2,2,18,8,1,1,1,1,A-levels
R_22Ll0o3XPyACtJE,1,2,1,1,3,3,5,1,1,5,5,1,3,1,2,1,2,1,2,1,1,5,1,1,5,5,1,4,1,2,4,2,2,1,1,3,4,1,1,3,1,2,1,1,2,2,2,4,3,2,3,1,3,1,3,2,1,2,2,2,2,2,2,2,3,1,1,1,2,2,2,3,1,7,3,5,5,2,2,100,4,1,18,9,1,1,1,1,A-levels
R_O24aAJrTygLLDCF,1,3,3,4,2,2,5,2,4,3,4,1,2,1,4,1,2,2,5,2,2,5,2,4,3,3,1,2,1,4,5,3,5,1,2,5,5,4,1,5,4,3,3,4,4,4,5,5,5,5,5,3,5,2,2,2,1,1,1,1,3,3,3,3,2,1,3,3,3,2,3,2,2,4,1,5,2,1,2,7,2,2,18,9,1,1,1,1,a levels
R_1rNfOHaNQf2fYvX,2,2,3,3,3,3,4,2,2,4,5,1,4,1,2,2,3,3,4,3,3,2,2,2,2,2,2,3,1,2,1,1,4,2,2,4,4,1,1,2,1,2,2,1,3,2,2,4,2,2,3,1,4,3,2,1,2,1,2,2,2,3,3,3,3,2,2,1,1,2,2,2,3,5,2,5,5,2,3,7,2,2,19,7,2,2,1,1,BTEC
R_cNFvfIzedS8evTj,1,2,3,3,5,4,1,2,5,1,1,1,3,1,2,1,2,3,3,4,2,2,3,5,2,3,2,3,1,3,2,1,5,2,2,5,5,3,2,2,1,1,2,2,3,1,2,5,2,1,3,1,5,1,4,3,4,3,4,4,4,3,4,4,3,3,3,4,4,4,3,4,4,10,3,3,5,1,2,90,2,2,18,9,1,1,1,1,IB
R_3kERhUrgoCcgzQ7,1,2,2,2,3,4,4,4,3,4,4,2,1,1,1,2,2,2,2,2,3,4,3,3,4,4,1,2,1,1,3,2,2,1,4,3,4,3,2,2,2,2,4,2,1,2,2,4,1,2,4,2,4,3,2,2,3,2,3,3,1,3,2,3,2,2,2,1,2,3,1,2,3,15,1,4,2,5,2,8,3,2,18,9,1,1,1,1,a level
R_VUTBw4LRrXqTw0F,2,5,5,5,3,4,3,4,5,1,1,2,1,2,3,2,5,4,5,5,4,2,3,2,2,2,3,3,3,3,4,3,5,3,3,4,2,4,1,3,2,3,3,4,4,3,3,4,2,1,2,4,5,2,4,2,2,3,2,2,4,4,4,4,4,3,2,4,3,4,4,3,3,4,1,1,2,1,3,70,2,2,19,9,1,1,1,1,a levels
R_1KoOYAavpSiyoQT,2,2,4,5,2,3,4,3,3,2,3,2,3,1,3,1,1,2,2,2,2,1,3,3,3,4,1,2,1,3,2,2,3,1,1,4,4,3,1,2,3,1,1,1,3,1,1,4,3,1,4,2,3,2,2,1,2,2,2,3,2,1,2,2,3,1,3,2,1,2,2,1,2,4,2,5,6,2,2,9,3,2,19,9,1,1,1,1,A level
R_37oSjeiwDVhOYGR,5,5,5,5,3,4,3,3,5,2,1,3,1,1,3,3,4,5,5,4,4,3,4,4,4,4,3,1,1,3,1,2,2,1,2,4,2,1,1,2,2,2,2,2,1,1,3,5,1,2,1,1,2,1,1,1,1,1,1,1,1,1,1,1,1,1,1,1,1,1,1,1,1,5,1,3,6,2,2,10,2,1,18,9,1,1,1,1,A levels
R_3dwAjYOqprSLePn,2,3,2,2,3,4,2,2,3,4,3,1,4,1,3,2,2,4,2,3,4,3,2,3,3,4,1,4,1,2,5,1,3,2,1,3,5,2,2,1,1,1,1,2,1,1,1,3,2,1,2,2,5,2,2,3,2,3,3,3,2,4,2,2,4,2,1,2,2,4,2,2,3,10,1,3,4,2,2,7,3,2,18,9,1,1,1,1,A-levels
R_3kFmn6mkbZujz7l,4,4,4,4,2,2,4,3,4,2,2,2,2,1,1,2,2,2,2,2,2,4,4,3,4,4,1,3,1,1,4,5,5,3,1,5,5,1,1,2,3,1,3,1,1,1,4,5,3,4,3,2,5,1,3,2,2,3,1,1,3,4,4,3,4,4,2,3,3,2,3,2,3,2,1,6,6,0,3,70,4,2,20,11,2,1,1,1,A levels
R_123vK2yQlgMnd5Z,3,4,4,4,3,3,1,4,4,3,3,3,1,2,3,2,3,3,3,2,2,3,2,2,3,4,2,3,2,2,2,2,4,2,2,5,3,2,1,1,2,1,2,2,2,1,2,4,2,1,1,1,4,2,3,2,2,3,1,2,3,4,4,3,3,2,2,2,4,3,3,3,2,5,1,6,6,2,2,80,4,2,18,9,1,1,1,1,A levels 
R_3LXPEAng9Ed93D2,1,4,4,4,2,2,5,1,3,3,4,2,1,1,2,3,3,3,3,2,2,4,2,3,2,2,2,2,1,2,3,4,3,1,2,3,2,3,2,1,1,2,1,1,2,2,2,5,2,3,1,1,3,2,3,3,1,3,2,3,2,4,3,3,3,2,1,2,3,4,3,1,1,6,1,3,5,1,3,9,4,2,18,7,1,1,1,1,A- Levels
R_3Kl6swRT2PpFygx,1,5,3,3,4,3,4,5,5,1,1,2,2,1,1,1,5,1,1,4,3,4,5,5,2,2,3,2,1,2,2,1,5,1,1,5,2,1,1,2,2,1,1,1,1,1,1,5,1,1,1,1,5,1,4,4,2,4,2,4,4,4,4,4,4,4,4,4,4,4,3,4,2,6,1,5,7,1,3,10,2,2,19,9,1,1,1,1,a-levels 
R_YWXxLFmKafO6Rt7,1,1,4,3,3,3,4,1,3,3,3,1,2,1,2,1,2,3,3,3,3,4,1,3,3,3,1,2,1,2,2,2,3,2,3,4,2,4,2,3,2,1,3,2,1,1,3,4,4,3,3,2,5,2,3,3,1,2,1,2,2,4,4,3,4,2,2,3,3,4,1,2,3,3,1,3,4,1.5,3,99,3,1,19,6,2,1,1,1,A-levels 
R_UAuaDWAYgH9jT8d,2,1,2,1,3,3,5,1,4,2,3,1,3,1,1,1,1,2,1,1,1,5,1,2,4,4,1,3,1,1,3,1,3,1,1,3,5,1,1,1,1,1,3,2,1,1,1,5,1,1,2,1,5,2,2,3,2,3,1,2,3,4,2,2,3,1,1,2,3,2,2,1,2,4,1,7,7,2,2,100,5,2,18,9,1,1,1,1,a levels 
R_DGJXqKOAGxb4qNX,3,5,5,5,4,5,1,4,5,1,1,4,1,3,4,4,5,5,4,4,5,2,2,5,1,1,4,1,3,4,4,5,3,2,4,5,5,4,1,2,1,2,2,1,2,1,1,4,3,2,4,4,5,1,3,2,3,4,3,3,4,3,3,4,4,2,3,4,4,3,3,3,3,8.5,1,1,4,2,2,60,1,2,18,9,1,1,1,1,A-levels
R_3xGDIDHsqVC0gyR,1,1,3,3,1,1,4,4,4,2,2,1,4,1,1,1,2,3,3,3,2,4,4,2,2,2,1,4,1,1,2,2,2,1,2,3,4,2,1,2,1,3,2,2,2,2,2,2,1,2,1,1,2,2,2,1,1,1,1,1,1,1,2,1,3,1,1,2,1,2,1,2,1,7,1,3,7,2,2,9,2,2,18,7,2,2,1,1,BTEC
R_2S6NuZRU8wi8yK6,1,2,2,3,1,2,5,1,4,4,4,1,4,1,2,2,2,3,3,1,2,5,1,4,5,5,1,4,1,1,2,1,3,1,2,3,2,4,1,2,3,1,1,3,2,1,2,2,2,2,1,5,3,2,3,2,3,2,1,3,3,4,4,4,4,1,2,3,4,2,3,4,2,3,2,6,4,1,2,80,2,1,19,8,1,1,1,1,A-Levels
R_3fHLbDZZC5dwEc3,2,3,5,4,2,4,3,2,3,3,3,2,2,1,1,2,1,3,3,2,2,4,1,2,4,4,1,3,1,2,4,2,5,2,2,3,4,3,1,2,1,2,3,2,1,1,2,3,4,2,4,4,5,2,3,3,2,3,2,4,3,3,4,3,4,2,3,3,2,2,2,3,2,4,2,5,6,1,2,7,4,3,19,9,1,1,1,1,A-Levels
R_3gDI4KjTTyZshGh,1,1,1,1,1,5,1,1,4,3,2,1,3,1,4,1,1,1,1,1,5,1,1,1,4,5,1,3,1,4,1,1,1,1,1,3,3,3,1,1,1,1,1,1,1,1,1,1,1,1,1,1,1,3,2,2,1,4,1,4,2,1,4,2,4,4,2,2,4,4,4,1,2,15,2,5,1,4,1,0,2,1,18,7,2,1,1,1,Kent Access
R_AnbwQEZoVyDkeGZ,1,3,4,4,2,2,4,3,4,3,4,2,2,2,2,1,3,3,3,2,2,2,3,3,3,3,1,2,1,2,2,2,3,2,3,3,3,2,1,2,2,1,1,1,1,1,1,4,1,1,2,1,3,1,4,2,4,2,2,2,3,4,3,4,4,3,4,4,4,3,4,4,4,5,1,3,5,1,2,100,3,2,19,9,1,1,1,1,a levels
R_1PXcgVW5VYOKq2W,3,4,4,3,4,4,3,4,5,3,2,2,2,1,2,2,3,3,2,3,4,5,3,4,4,4,3,1,2,2,4,1,2,1,2,2,4,1,1,2,1,2,1,1,1,2,1,3,4,1,2,1,4,3,1,2,1,2,1,1,2,2,2,1,2,1,2,1,2,1,1,2,2,8,2,3,6,2,3,9,2,2,20,9,1,1,1,1,A-levels
R_3iCfwmY5WRrbzNt,1,2,3,2,2,1,5,2,4,4,4,1,4,1,1,1,2,1,1,2,1,5,2,3,4,4,1,4,1,1,4,2,4,1,2,4,4,2,1,2,1,1,2,1,1,1,1,3,2,1,1,1,3,2,2,2,1,1,1,2,3,2,3,2,3,1,1,2,3,1,2,1,2,5.5,1,7,4,1.5,2,85,2,2,19,9,1,1,1,1,A levels
R_2saQdc7lFIoRlac,2,3,4,4,4,4,3,3,5,1,2,1,3,1,3,2,3,3,3,3,3,4,4,5,2,2,2,2,1,2,2,1,2,2,2,2,2,1,1,1,1,1,1,1,1,1,1,3,3,1,1,1,4,3,2,2,3,2,3,2,1,1,2,2,2,1,3,1,2,2,1,1,1,6,1,4,5,3,2,7,3,2,18,9,1,1,1,1,ALevels
R_3MAuQwdsSPzsWR1,2,2,3,2,3,3,4,1,3,2,2,1,3,2,2,2,4,3,3,3,3,4,1,3,3,4,2,3,2,3,2,2,3,1,1,4,4,2,1,2,1,4,3,2,4,1,2,5,2,2,1,1,4,2,3,3,3,3,2,4,3,4,4,3,4,3,2,4,4,4,3,3,3,5,2,6,6,2,3,80,3,2,19,10,2,2,1,1,A-levels
R_3maFcnjIqyjlMxs,1,1,1,1,1,1,5,1,2,5,5,1,4,1,2,1,1,1,1,1,1,5,1,2,5,5,1,4,1,2,1,1,5,1,1,2,3,3,1,1,1,1,2,3,1,1,1,2,2,1,1,1,3,2,2,1,2,1,2,1,2,4,3,2,2,1,1,2,2,2,2,1,2,6,1,6,6,1,2,10,2,2,18,1,2,1,1,1,A levels
R_3IVMLYKpUErunzp,2,5,3,4,4,4,4,3,5,1,2,1,3,1,2,2,4,4,4,2,3,4,2,3,1,2,2,3,1,2,5,2,5,3,1,5,5,4,1,3,2,1,2,4,2,1,3,5,4,4,5,4,5,2,2,1,1,1,2,1,1,3,4,4,4,2,2,3,3,3,2,1,2,4,1,4,6,1,1,9,2,2,18,11,1,1,1,1,BTEC 
R_1dHrbUCjUyUsxpo,2,4,4,4,5,4,2,3,4,4,3,2,2,2,2,2,4,4,3,3,3,3,3,4,3,2,1,2,1,2,2,3,4,2,2,3,4,3,1,2,2,4,3,2,3,4,3,5,1,2,2,1,4,2,3,2,2,2,1,3,3,3,3,2,3,1,3,2,3,3,3,2,2,5,1,6,7,2,2,8,3,2,18,9,1,1,1,1,A-levels
R_3GeTOgKZEFvUIsL,3,5,4,3,4,4,3,3,5,1,2,2,2,1,2,2,4,3,3,4,4,4,2,5,4,2,2,2,1,2,3,4,3,3,4,2,3,1,1,1,2,1,2,3,1,1,1,2,2,1,2,3,3,2,3,3,1,2,1,2,4,3,3,2,2,3,2,3,3,2,2,2,2,3.5,2,6,6,1.5,1,0.8,3,2,18,8,1,1,1,1,Alevels
R_3kNRwbbrxH6nHlX,1,2,3,1,5,2,4,2,5,4,5,1,3,1,1,1,2,3,1,5,2,5,2,4,5,5,1,3,1,1,1,1,4,1,2,3,2,1,1,1,1,1,2,1,3,1,1,5,4,2,1,2,1,2,3,2,1,2,1,3,2,3,4,4,4,3,2,3,3,2,2,1,2,6,2,5,6,2,3,90,3,2,18,7,1,1,1,1,A Levels
R_1MR3VNIukScC5XG,4,4,4,4,4,4,2,3,4,4,4,3,2,2,3,3,3,4,3,3,3,2,3,4,3,3,3,2,2,3,4,1,5,1,2,3,5,1,1,2,1,1,1,2,1,1,1,4,1,1,4,1,5,2,3,3,4,3,3,3,3,4,4,3,4,2,3,3,4,3,3,3,3,4,1,5,6,1,1,80,3,2,19,9,1,1,1,1,A-Levels
R_2PhbX9SITopKfXA,2,3,5,5,4,4,5,4,4,1,1,1,4,1,2,2,5,5,5,4,4,2,4,4,2,2,2,2,2,3,4,2,4,2,3,4,5,3,1,2,1,1,1,1,2,2,2,3,2,2,3,1,4,2,3,3,2,1,1,2,3,4,4,4,3,4,2,3,4,4,4,4,3,6,1,3,6,1,3,100,2,2,21,9,1,1,1,1,A-levels
R_25ziPmrlh4ePiW0,1,4,5,3,2,4,2,3,4,1,1,2,2,1,2,1,3,2,1,2,1,5,3,4,2,2,1,3,1,2,2,1,3,1,1,4,3,2,1,1,1,1,1,1,1,1,2,4,3,2,3,1,5,3,2,2,2,1,1,3,2,4,4,3,3,1,1,1,3,3,2,1,3,3,1,1,1,1,3,100,5,2,18,9,1,1,1,1,A-levels
R_3npx7hLSWJiCCuw,1,3,4,4,3,3,4,2,2,5,5,1,4,1,2,1,2,3,3,2,2,4,1,3,5,5,1,3,1,2,4,1,5,3,3,4,5,1,1,2,1,1,2,2,1,1,1,4,3,2,3,2,5,1,4,3,3,3,3,3,2,4,4,3,3,1,3,3,4,3,2,3,3,5,1,6,7,1,1,100,4,2,18,9,1,1,1,1,A-levels
R_2AQO9sMyVP3RHHZ,2,2,1,1,1,2,3,1,2,5,5,1,3,1,2,1,1,1,1,1,1,4,1,2,5,5,1,3,1,2,1,1,1,1,2,1,2,1,1,1,1,1,2,2,1,2,1,1,1,1,1,2,1,3,2,1,1,2,1,1,1,1,3,1,2,1,1,1,3,1,1,1,1,4,2,7,2,4,1,9,3,1,30,8,2,1,1,1,Upper Secondary School
R_3JFUpxxovwfTTj3,1,3,3,3,4,4,4,3,3,3,3,2,2,1,3,1,2,3,3,4,4,4,3,3,3,3,2,2,1,3,2,3,3,1,1,3,2,2,1,2,3,1,1,1,2,1,2,3,1,1,1,1,2,2,2,2,1,1,2,2,3,3,3,3,2,1,2,2,3,1,2,2,2,6,1,4,6,2,2,10,2,2,19,9,1,1,1,1,A-levels
R_4MfssjkYId8TynL,1,2,4,4,4,4,4,3,5,4,2,2,3,1,2,2,3,4,3,1,2,4,3,4,2,3,2,3,1,1,2,2,3,2,2,2,2,3,2,2,1,1,2,2,1,1,1,2,3,1,1,2,3,1,4,3,3,1,2,3,4,4,3,4,4,3,2,4,4,4,3,3,3,6,1,5,7,2,2,90,4,2,18,1,1,1,1,1,A-levels
R_2SH2x9xGu4xWawU,3,4,5,5,3,2,5,2,4,1,2,1,3,1,1,4,4,2,2,3,2,5,2,3,4,4,2,2,1,3,3,4,5,2,3,3,4,3,2,2,1,2,4,3,4,2,2,3,2,4,1,3,3,1,3,3,1,3,2,3,3,4,4,3,3,2,2,2,3,2,3,3,2,5,2,6,7,0.5,3,100,3,2,19,7,1,1,1,1,A Levels
R_SDbio3xlxU3Wlgt,3,2,3,2,2,2,4,1,2,2,4,2,2,1,1,1,2,1,3,2,2,3,1,1,3,2,1,3,1,2,2,1,3,1,1,4,3,4,1,2,1,1,2,1,1,1,1,3,3,2,4,1,3,2,2,2,1,1,1,2,1,4,3,3,4,2,2,2,4,2,2,3,3,5,1,5,5,1,4,8,4,2,18,9,1,1,1,1,A-levels and BTEC
R_2VJH7XGKYYPA11P,1,2,3,5,3,3,2,2,4,2,2,2,1,1,2,1,3,5,5,4,4,3,2,4,3,2,2,2,1,2,4,4,3,2,3,3,4,4,1,3,2,1,2,1,1,1,2,4,4,2,2,3,3,2,2,2,1,3,2,2,3,4,4,4,4,3,2,2,2,1,2,2,2,3,1,3,5,1,3,50,2,2,18,7,1,1,1,1,A-level
R_2YnQpToOHRqsBwb,1,2,3,3,2,2,4,1,2,4,4,1,4,1,2,1,2,2,3,1,2,4,1,2,4,4,1,4,1,2,2,3,3,1,1,2,2,3,1,3,1,1,1,2,3,2,2,4,2,1,2,1,3,3,1,2,2,2,3,1,2,4,3,1,2,1,3,1,2,1,1,2,1,6,3,6,7,1,2,9,4,1,20,11,1,1,1,1,A-levels
R_239vTmC5wXsOWha,1,3,3,4,2,3,4,2,3,4,4,2,3,1,3,2,3,3,4,3,3,4,2,3,4,4,2,3,1,4,2,2,3,3,2,3,3,3,1,2,2,1,3,2,3,1,2,3,4,2,3,2,4,1,3,2,3,3,2,3,3,3,3,3,4,2,3,3,3,3,3,4,3,8,2,5,5,3,2,80,4,2,18,9,1,1,1,1,A level
R_3l7moqzcXTLH5bX,2,4,4,4,3,4,1,1,3,4,4,3,2,2,2,2,4,2,3,3,4,1,1,3,4,3,2,2,2,3,5,2,5,5,1,5,5,3,3,5,4,4,5,5,5,3,5,5,4,3,5,3,5,2,2,2,3,3,3,2,2,3,3,3,3,1,2,3,3,3,2,3,4,5,1,2,2,1,4,7,3,2,18,5,2,2,1,1,a levels
R_1YvLP7KB3cWspr3,3,2,2,2,3,2,4,1,3,5,5,1,3,1,1,2,2,1,3,3,1,4,2,3,5,5,2,3,1,1,2,4,4,2,3,3,3,4,1,1,2,1,3,2,1,1,1,4,2,1,1,2,3,2,3,1,2,2,2,2,1,3,3,4,4,1,3,3,3,2,3,2,2,5,3,7,5,2,2,8,3,1,19,9,1,1,1,1,A-Levels
R_29a0wVVoXvbzcTZ,3,5,5,5,2,3,3,4,5,1,1,2,2,1,3,2,5,5,5,5,5,1,4,5,5,5,3,2,1,4,5,5,5,3,2,5,5,4,1,3,3,5,2,5,5,2,5,5,5,5,4,4,5,1,4,4,3,4,2,4,3,4,3,4,4,2,4,4,4,3,4,3,3,8,1,1,2,3,5,8,1,2,19,7,2,2,1,1,gymnasietexamen - swedish high school qualification
R_1mym7mW9yjNhSRD,3,5,5,4,3,3,2,2,3,2,2,2,1,1,2,3,5,5,5,4,4,1,1,3,4,4,2,3,2,2,4,2,5,1,1,5,4,3,1,3,1,1,2,1,2,2,2,5,3,3,3,3,5,1,4,2,3,3,3,3,4,4,4,3,4,3,3,4,4,4,3,4,4,8,1,5,5,2,3,9,2,2,19,9,1,1,1,1,a-levels
R_1kZbqzk3eCQdvMR,2,3,3,3,3,2,4,2,4,3,4,1,2,1,2,1,3,2,2,2,3,4,2,3,4,4,1,3,1,2,2,1,5,3,2,2,4,3,1,1,1,1,1,1,2,1,2,4,2,1,2,1,5,2,2,1,2,2,2,1,1,3,2,2,4,3,2,2,2,1,2,1,2,6,1,3,3,2,2,100,3,2,18,9,1,1,1,1,alevels
R_1Cx8o1rmUzmwzLf,2,4,3,3,3,2,2,3,3,4,4,2,3,1,2,2,3,3,3,2,2,3,2,3,4,4,1,3,1,2,1,1,4,1,3,5,4,4,1,1,3,2,1,2,2,1,4,5,3,2,4,1,5,2,3,1,1,1,2,2,4,4,4,3,2,1,2,3,4,1,3,2,2,5,2,6,7,1,1,100,4,2,18,9,1,1,1,1,A-Levels
R_3HZY197sxwDmkRh,3,4,4,3,3,2,3,2,4,4,3,2,2,1,2,2,3,2,1,3,2,4,3,4,5,4,1,3,1,1,3,2,5,2,2,5,4,3,1,4,1,2,2,2,4,2,2,3,2,2,3,1,4,1,3,3,4,2,2,4,4,4,4,4,4,3,4,4,4,3,4,3,4,6,1,6,5,4,2,75,3,1,20,9,1,1,1,1,A-levels
R_2AN2cAbdvxTcIcB,2,3,3,3,2,2,4,2,3,2,3,1,4,1,2,1,2,3,3,2,2,4,2,3,2,3,2,3,1,2,1,2,1,2,2,1,2,3,1,1,3,1,3,1,2,1,1,3,3,3,2,4,4,3,1,2,1,1,1,3,2,2,4,3,3,1,1,2,2,3,2,1,3,4,1,4,4,1,2,8,4,1,18,7,1,1,1,1,a levels
R_3PiuCEHExrpbuAF,1,1,3,2,3,4,3,2,2,3,3,1,4,2,3,1,4,3,3,3,3,4,2,3,4,3,2,3,2,3,1,3,5,1,1,5,4,3,1,2,1,1,1,1,1,1,2,4,2,3,5,2,4,1,4,3,3,2,4,4,4,4,4,4,4,1,2,4,4,4,3,1,1,5,1,6,6,1,2,9,3,2,19,5,2,2,1,1,A-levels
R_1QtndhcNklYF8MD,3,5,5,4,1,4,3,2,3,3,3,1,3,1,3,3,5,5,5,3,3,2,2,2,4,4,3,2,1,2,5,4,5,2,2,2,2,3,1,2,4,2,4,5,3,3,3,5,4,4,3,5,5,2,4,4,2,3,2,2,3,4,4,4,4,4,2,4,4,4,2,4,4,9,2,2,3,2,4,60,3,2,22,7,2,1,1,1,A-levels
R_poRncQma9eo5xNT,2,3,3,3,2,2,2,2,2,4,4,1,3,1,3,3,4,4,4,3,3,3,2,2,4,4,1,3,1,3,2,2,3,2,2,4,2,3,1,1,2,1,2,2,1,1,2,3,2,2,3,1,2,2,3,3,4,2,2,3,4,4,4,4,4,3,3,4,4,4,4,2,3,6,1,4,5,3,3,10,3,2,18,7,1,1,1,1,a-levels
R_1GQs7JXNf6XYvdQ,2,4,5,5,4,4,5,2,4,3,3,1,3,1,2,1,2,1,2,3,4,4,3,3,5,5,1,2,1,1,1,1,1,1,1,1,1,3,1,1,1,1,1,1,1,1,1,1,1,1,1,2,2,3,2,1,1,2,2,2,1,2,2,1,1,2,1,1,2,2,1,1,2,10,2,5,5,3,2,80,3,2,18,7,1,1,1,1,a levels
R_12JdeX27V4DObAH,4,4,4,4,4,3,4,1,4,4,3,2,3,2,2,3,4,3,3,4,3,4,1,4,4,4,2,3,2,2,3,1,3,1,1,5,3,3,1,3,2,1,2,2,2,3,2,5,4,3,4,2,3,1,4,3,3,4,4,4,4,3,3,3,3,2,3,3,4,3,2,4,3,7,1,5,2,1,3,7,2,2,45,11,1,1,1,1,Level 3 Access
R_sptQnnIUVVKez9D,2,2,2,2,2,2,5,2,2,5,5,1,3,1,1,1,1,2,1,2,2,5,2,2,5,5,1,3,1,2,2,2,3,1,1,4,4,1,1,2,2,1,1,1,1,1,1,1,1,1,3,1,3,3,1,2,2,3,1,4,4,4,4,4,3,2,2,3,3,3,2,3,2,5,2,5,5,1.5,2,8,2,1,19,7,1,1,1,1,A-level
R_2WCMEiTkuZdXulj,3,4,4,4,4,4,3,2,4,2,2,2,2,1,1,2,3,3,3,2,2,3,1,5,1,1,1,3,1,1,1,2,4,1,1,5,4,1,1,2,1,1,1,2,1,1,1,5,1,1,4,4,5,2,3,3,2,2,2,3,4,4,4,4,4,3,2,3,4,3,4,3,3,4,1,5,7,2,2,9,2,2,18,3,2,1,1,1,IB diploma 
R_2QRJOZtw64fJ0yF,1,5,1,2,3,1,4,3,3,5,4,1,4,1,2,1,5,2,3,2,1,4,3,3,4,4,1,2,1,2,5,4,5,4,4,5,5,5,2,5,5,5,4,4,4,1,3,5,4,4,3,3,5,1,4,4,4,4,4,4,4,4,4,4,4,4,4,4,4,4,4,4,2,7,1,3,7,1,2,10,3,2,18,8,1,1,1,1,BTEC
R_1OCcDDjxgCmSeOg,2,4,2,2,2,3,4,2,2,4,5,2,2,1,2,1,5,2,2,2,4,5,2,2,4,3,2,2,1,2,4,2,5,2,2,5,4,5,1,2,4,2,2,4,2,2,1,5,2,1,2,3,3,1,4,3,4,4,2,4,4,4,4,4,4,2,3,4,4,4,4,4,4,6,3,6,6,1,2,9,3,2,18,9,1,1,1,1,A-levels
R_0rHBrOrIpTpoUKZ,3,2,2,4,3,4,4,2,4,2,3,2,3,2,2,3,4,2,3,3,2,4,2,4,2,2,3,2,1,2,4,3,5,2,2,5,4,3,1,4,2,3,4,4,3,2,2,5,4,3,4,3,5,2,3,3,3,4,3,4,4,4,4,3,4,3,3,3,4,4,4,3,3,3,4,3,5,2,3,90,3,2,18,1,2,2,1,1,International Foundation Programme (IFP)
R_pcQ8QBIiuPTkXaF,3,4,4,4,2,3,4,2,2,4,3,2,2,3,4,2,4,3,3,1,2,5,1,2,2,2,2,3,2,3,1,1,3,1,2,4,3,2,1,2,5,2,1,2,5,1,2,3,3,2,4,4,4,1,4,3,4,2,2,4,4,4,3,4,4,4,3,3,3,2,4,3,4,4,1,5,2,1,3,45,3,2,53,9,1,1,1,1,Access to higher education - Science
R_3NzbBoBXiTJLC1Y,2,4,4,4,4,4,3,2,4,3,2,4,1,3,2,2,3,3,3,3,4,3,2,4,2,2,3,2,3,2,4,3,5,3,3,5,4,3,3,4,3,3,3,3,4,2,3,5,4,3,5,3,5,1,4,3,2,2,2,4,4,4,4,4,4,2,2,4,4,4,4,4,3,6,1,4,5,1,3,90,4,2,18,9,1,1,1,1,International baccalaureate diploma programme 
R_3D6MHvVQQb0wXQA,2,3,3,3,2,2,3,2,4,2,2,2,3,1,2,2,2,5,5,2,2,3,4,4,1,1,2,2,1,2,2,2,2,2,2,3,3,3,1,2,1,1,2,2,1,1,1,3,3,1,1,2,2,2,2,2,2,1,1,2,2,3,3,2,4,1,2,2,2,1,1,2,2,6,2,3,3,1,2,67,1,2,18,9,1,1,1,1, A Levels
R_uxIe7EyklP6XjEd,4,4,4,5,2,3,2,3,2,1,2,2,3,2,4,4,4,4,5,2,3,2,2,3,1,1,2,3,2,4,4,4,5,4,4,5,5,5,1,5,5,5,5,5,5,4,5,5,4,5,4,4,5,1,4,4,4,4,4,4,4,4,4,4,4,4,4,4,4,4,4,4,4,3,1,3,3,1,3,90,3,2,18,5,1,1,1,1,a levels
R_1kG0OyWr5L7K0P5,2,4,3,4,1,1,5,2,3,4,4,1,4,1,2,2,4,3,3,1,1,5,2,3,4,4,1,4,1,2,5,2,4,2,2,4,5,4,2,4,4,2,2,2,2,2,2,4,4,3,2,3,4,1,4,2,2,2,2,2,3,4,4,4,3,2,2,3,4,3,3,3,2,6,2,6,6,1,1,100,3,2,19,9,1,1,1,1,A-levels
R_3khLLYQlejO1UNb,1,2,3,2,1,2,2,1,1,2,4,1,2,1,3,1,3,3,4,1,3,4,1,1,1,3,1,2,1,3,2,1,1,1,1,2,2,3,1,1,1,1,1,2,1,1,1,1,2,1,3,1,2,4,1,2,1,2,2,1,1,2,4,1,4,1,1,1,1,2,1,4,2,5,2,4,5,2,1.5,9,5,1,19,8,1,1,1,8,BTEC
R_2ZQrLwGgDhdQUUN,1,2,1,1,3,3,4,2,2,3,4,1,4,1,2,1,2,1,1,2,2,4,2,2,4,4,1,4,1,2,3,2,3,1,3,4,3,2,1,2,2,1,1,1,2,1,1,4,2,1,2,3,3,2,3,2,2,2,4,3,3,4,4,4,4,2,2,4,3,2,4,4,3,10,1,6,7,2,5,70,4,1,18,9,2,1,1,1,A-levels
R_3CEf3ViyDGYngf7,1,3,3,3,2,1,4,2,2,2,3,3,2,1,2,1,2,3,2,2,1,4,2,2,3,2,3,2,1,2,1,2,2,1,1,4,2,2,1,2,1,2,1,1,1,1,2,4,1,2,2,1,4,3,2,3,3,2,3,2,2,4,2,4,4,4,3,4,4,4,4,3,4,5,1,4,5,2,3,7,3,2,18,10,2,1,1,1,btec level 3 extended diploma
R_1oI3AkaLhH11SZw,2,4,4,4,4,4,4,3,4,3,4,2,2,1,1,1,3,2,2,2,2,3,3,3,3,3,2,3,1,1,1,2,2,1,1,3,2,2,1,1,2,1,1,2,2,1,2,4,2,3,3,3,4,2,3,2,2,2,1,3,2,3,3,2,3,2,1,2,3,2,2,2,2,5,2,6,7,2,1,90,5,2,18,9,1,1,1,1,A Levels
R_3GE5rxqL5g4YfTd,1,2,3,2,3,3,3,5,5,1,1,2,1,1,2,1,1,2,2,3,3,4,5,4,4,4,2,2,1,1,1,1,2,1,1,1,2,1,1,1,1,2,1,2,1,1,1,3,1,1,2,1,1,2,2,2,2,1,2,3,3,3,3,3,3,1,2,1,2,2,2,1,2,3,1,3,6,2,2,90,3,2,18,5,2,1,1,1,Alevels
R_2zo9rmRanRrQw3M,1,2,1,2,3,1,5,1,3,4,4,1,3,1,2,1,2,1,1,1,1,3,1,2,3,4,1,3,1,2,1,1,1,1,1,3,2,2,1,1,1,1,2,2,1,1,1,3,3,2,1,2,2,2,3,2,1,2,3,3,2,3,4,2,2,3,1,2,3,3,2,2,2,4,2,5,7,1,3,9,3,2,18,7,1,1,1,1,A-levels
R_272L4ikwsqtudnI,2,3,4,3,3,3,3,3,3,4,3,2,2,1,2,2,3,2,3,3,3,3,3,3,3,3,2,2,1,2,3,3,4,1,1,4,1,3,1,1,1,1,1,1,1,1,1,4,1,1,1,1,3,1,3,2,2,2,1,2,2,3,2,3,4,3,2,2,3,2,2,4,2,5,1,4,6,1,2,10,2,2,19,8,1,1,1,1,A levels 
R_3PRjCdbmpQpszdd,1,3,2,2,3,3,3,3,3,3,4,2,3,1,2,1,3,1,2,4,4,2,2,4,3,4,2,2,1,2,2,2,4,1,1,5,3,1,1,2,1,1,2,1,3,1,1,5,2,1,3,1,2,1,4,3,3,2,2,3,2,4,4,3,3,1,2,4,3,4,4,2,3,6,1,3,5,3,2,70,3,2,18,9,1,1,1,1,A-Levels
R_4I8TiTvtemZ5Esx,1,1,4,4,2,3,4,4,3,4,4,2,2,1,2,1,3,2,2,1,2,5,4,2,5,5,1,1,1,2,2,2,5,2,4,5,5,3,2,3,1,2,2,2,5,2,3,5,1,2,5,2,5,2,1,2,2,1,1,1,2,2,3,1,1,2,1,1,1,2,1,1,1,5,2,4,7,1,2,90,4,2,18,6,1,1,1,1,A-levels
R_2EhDp7din0Y3NL4,1,3,5,3,1,1,5,3,4,1,1,1,3,1,1,5,3,2,3,3,4,2,4,5,1,3,1,4,1,4,5,3,5,1,1,5,5,3,1,3,5,4,2,1,3,1,1,5,2,1,1,1,5,3,4,3,4,4,2,4,2,3,4,4,4,3,2,3,4,4,1,3,1,3,1,4,7,2,3,70,4,2,18,7,2,1,1,1,A-Levels
R_24Cy6k7Kl6NuAK4,1,3,3,4,4,4,3,3,4,2,3,1,3,1,2,1,4,4,4,4,4,2,3,5,2,2,1,3,1,3,4,2,5,1,2,5,5,2,2,2,3,4,4,2,4,1,1,5,5,1,3,3,5,1,4,3,3,3,2,4,4,4,4,4,3,2,3,4,4,3,4,4,2,3,1,5,6,1,1,85,2,2,19,9,1,1,1,1,A levels
R_1itfZ2nETX46xb4,1,2,1,5,1,1,4,3,1,5,5,1,4,1,2,2,3,1,5,1,1,4,3,1,5,5,2,2,1,1,3,5,4,3,4,4,5,3,1,1,2,2,2,2,3,1,2,5,3,3,1,1,5,1,4,3,2,3,2,2,2,2,3,4,3,2,2,4,2,2,4,1,2,3,4,7,7,1,1,100,3,1,21,10,2,2,1,1,A in Greek A-Level
R_vJEUXyMqB159zQB,2,2,2,2,4,4,5,2,3,4,4,2,3,1,2,1,2,2,2,4,3,5,2,3,5,5,2,3,1,2,2,2,3,2,2,3,2,2,2,2,1,1,1,1,2,1,1,3,2,1,2,1,3,2,2,1,1,1,1,2,2,2,2,2,2,1,2,2,2,3,2,2,1,4,1,6,6,2,2,90,2,2,18,1,2,2,1,1,A-levels
R_2eQnU8XlsiRdj9G,2,4,2,3,3,2,5,4,4,4,3,1,2,1,3,1,3,3,2,3,1,5,3,4,4,3,1,3,1,2,2,1,3,1,2,3,3,2,1,1,1,1,1,1,2,1,1,2,1,1,1,1,2,3,1,1,1,1,1,3,2,2,2,1,1,1,1,1,1,1,1,1,2,3.5,1,5,5,0,2.5,70,3,2,18,10,2,2,1,1,A-levels
R_1EhvqpX0pfZBEzl,2,3,3,3,4,3,3,3,4,4,4,2,2,1,2,1,3,3,3,4,3,3,3,5,4,3,1,2,2,2,1,4,4,4,3,5,5,3,1,3,4,3,4,4,4,4,3,5,3,4,5,4,5,2,3,2,2,3,1,2,2,3,3,3,3,3,2,3,3,3,3,4,4,5,1,5,5,2,2,90,3,2,19,7,1,1,1,1,A Levels
R_1PaZwxhEN2KwG0a,5,4,4,3,4,4,4,1,1,1,1,2,2,1,1,2,5,5,4,3,4,4,2,1,5,4,2,2,1,1,1,1,3,2,4,5,3,5,1,2,3,1,4,3,1,1,1,5,5,2,3,4,1,2,2,2,2,1,1,2,2,4,2,2,2,2,1,2,2,4,1,4,2,9,1,2,1,3,3,100,5,2,19,7,1,1,1,1,a- levels
R_2wz7dB7eYtKybbo,5,5,5,5,4,5,1,4,5,1,1,3,1,3,2,5,5,5,4,4,5,2,2,5,2,1,4,2,2,3,5,2,5,3,2,5,5,4,1,4,1,1,1,2,1,1,1,5,4,3,2,1,5,1,2,2,3,2,2,2,3,3,2,4,4,3,2,2,4,2,2,2,3,6,3,2,7,1,2,100,3,2,20,9,1,1,1,1,A level
R_1HbKCbTdh2FaSpK,1,2,3,3,2,2,5,3,5,4,1,1,3,3,3,1,2,4,4,1,1,5,2,5,1,1,1,4,3,4,2,2,2,1,2,3,2,1,1,2,1,5,1,3,2,1,1,3,1,1,1,1,2,2,2,3,3,3,3,2,1,2,2,1,2,2,2,2,2,1,2,1,2,2,2,2,5,1,2,10,2,1,19,9,1,1,1,1,A-level / B-tec
R_1N4cd2hFqFBgzbf,1,2,2,1,3,2,4,1,3,4,3,1,3,1,2,1,2,2,1,3,3,4,1,3,4,4,1,3,1,2,1,1,2,1,1,3,3,2,1,2,1,1,1,3,1,2,1,4,2,2,1,1,2,1,4,2,4,4,2,3,4,4,4,4,4,3,3,4,4,4,4,4,3,6,1,5,6,3,2,80,4,2,19,9,1,1,1,1,A-Levels
R_1QrLtNK6Zy0RLuO,1,2,3,3,2,2,4,1,3,3,4,1,3,1,3,1,2,3,2,2,2,2,3,3,4,2,1,2,1,3,3,1,1,1,2,2,2,4,1,1,1,1,2,1,1,1,1,1,1,2,3,1,2,3,2,3,1,2,3,3,1,2,4,2,2,3,1,2,2,3,1,3,2,4,1,3,3,1,3,90,3,1,19,9,1,1,1,1,A-levels
R_1otiuBHarYMO9UK,4,4,5,5,5,5,3,4,5,4,5,1,4,1,2,2,3,3,3,3,4,4,3,3,4,4,3,3,2,2,1,3,3,2,3,2,2,4,1,1,1,1,3,2,2,1,1,2,1,2,1,1,2,1,2,2,2,3,3,4,3,4,4,3,4,4,3,4,4,4,1,2,4,6,1,6,5,0,3,7,3,2,18,7,1,1,1,1,2020
R_2ZWC80E4hWzPHXc,2,5,5,5,3,5,3,2,5,5,5,4,1,2,2,2,5,3,3,3,4,3,2,5,5,5,4,1,2,2,1,1,2,1,1,5,2,1,1,1,2,3,1,1,3,1,2,5,1,5,2,1,5,2,2,1,2,1,1,2,2,3,4,2,2,2,1,2,2,2,2,2,2,17,1,5,6,10,2,7,5,2,38,6,2,1,1,1,Advanced Diploma Level 4
R_3hz7uFceWd0Pbbh,3,5,5,5,3,3,4,3,4,4,4,1,2,1,2,3,5,5,5,4,4,1,2,4,4,3,2,2,2,4,2,4,1,1,1,4,4,4,1,1,1,1,4,3,2,1,1,5,1,1,1,2,2,1,3,3,4,2,3,4,4,4,4,4,4,4,3,4,2,2,4,1,4,4,2,2,5,1,3,8,2,2,18,9,1,1,1,1,A levels
R_dgN114DiT3kv9nj,2,2,3,3,3,2,5,2,2,3,3,2,2,1,1,1,3,1,2,1,2,4,4,4,3,3,2,2,1,2,4,3,1,1,1,2,3,2,1,1,3,1,1,1,1,1,1,2,2,1,1,1,1,2,2,2,2,2,2,2,2,2,2,2,3,1,2,2,2,2,1,2,2,4,1,2,1,1,1,70,5,2,19,9,1,1,1,1,Alevel 
R_SOAqWkHOSIFVsdj,1,1,1,1,1,1,5,1,3,4,4,1,2,1,2,1,1,1,1,1,1,5,1,1,4,5,1,3,1,2,3,1,3,1,2,2,3,3,1,2,1,2,2,2,1,1,1,3,2,2,3,2,2,2,2,2,2,2,2,2,2,2,2,2,2,2,2,2,2,2,2,2,2,3,3,5,3,1,1,1,2,2,19,7,1,1,1,1,A levels
R_2w1CfYE1nPFthnr,3,2,2,3,2,2,3,1,3,3,2,2,3,1,2,3,3,3,1,4,3,3,1,3,4,4,2,2,1,2,2,2,3,2,3,4,3,4,2,1,1,3,2,1,2,2,3,4,1,2,1,1,2,1,4,4,4,4,4,4,4,4,4,4,4,4,4,4,4,4,4,4,4,10,3,3,5,3,2,8,2,2,18,7,1,1,1,1,Alevels and Btec
R_3GoLKcxs7wDohwK,2,4,1,1,3,4,2,1,2,5,5,1,4,1,1,2,4,2,2,3,4,2,1,2,5,5,1,4,1,1,3,2,5,2,1,3,3,2,4,2,2,1,2,2,1,1,1,4,1,1,2,3,2,1,3,4,4,3,4,4,4,4,4,3,4,3,2,4,4,2,3,3,3,8,4,7,6,3,2,90,5,1,18,9,1,1,1,1,BTEC
